,SMILES
0,CC(C)(C)C(=O)c1cc(Cl)cc(N)c1Cl
1,CC1(C)OC2CC3C4CCC5=CC(=O)C=CC5(C)C4(F)C(O)CC3(C)C2(NC(=N)N)O1
2,CC1(C)OC2CC3C4CCC5=CC(=O)C=CC5(C)C4(F)C(O)CC3(C)C2(C(Cl)(Cl)Cl)O1
3,CC(CC=C1c2ccccc2COc2ccccc21)CCCC(C)(C)N1CCC(O)CC1
4,C=CCC1CCCCN1C
5,Cc1noc(-c2c(Cl)cccc2Cl)c1C
6,CC12CCC(=O)C=C1CCC1C2C2CC3(C(O)O2)C(c2c(Cl)cccc2Cl)CCC13
7,CC1(C)OC2CC3C4CCC5=CC(=O)C=CC5(C)C4(F)C(O)CC3(C)C2(c2nc(Cl)c(Cl)c(N)c2Cl)O1
8,CC1(C)OC2CC3C4CCC5=CC(=O)C=CC5(C)C4(F)C(O)CC3(C)C2(NC2=C(Cl)C(=O)c3ccccc3C2=O)O1
9,Clc1cccc(Cl)c1N1CCNCC1
10,CN1CCC(c2ccc3cc(C4(C5=CC6CCC(C5)C6)C(=O)NC(=O)NC4=O)ccc3c2)(c2c3occc3cc3ccc(=O)oc23)CC1
11,CN1CCC(c2ccc3cc(C4(C5=CC6CCC(C5)C6)C(=O)NC(=O)NC4=O)ccc3c2)(c2c(Cl)cc(Cl)cc2Cl)CC1
12,CN1CCC(c2ccc3c(c2)N(C)c2ccccc2S3)(c2ccc3cc(C4(C5=CC6CCC(C5)C6)C(=O)NC(=O)NC4=O)ccc3c2)CC1
13,Cc1nc(-c2c(Cl)cccc2Cl)oc1C
14,CC12CCC(=O)C=C1CC(NCN1CCCC1)C1C2CCC2(C)C1CCC21CCC(=O)O1
15,C=C(C)C1Cc2c(ccc3c2OC2COc4cc(-c5c([N+](=O)[O-])cc(-c6c(Cl)ccc(Cl)c6C6CCCCC6C)cc5[N+](=O)[O-])c(CCN)cc4C2C3=O)O1
16,Cc1cc(Cl)ccc1C(=O)C(C)(C)C
17,CC12CCC3C(CC(O)C4CC(O)CCC43C)C1CCC2c1c(Cl)cccc1Cl
18,CN1CCC(c2ccc3cc(C4(C5=CC6CCC(C5)C6)C(=O)NC(=O)NC4=O)ccc3c2)(c2c(Cl)c(Cl)cc(Cl)c2Cl)CC1
19,CN1CCCCC1c1cccc(I)c1
20,C=C(C)C1Cc2c(ccc3c2OC2COc4cc(-c5c([N+](=O)[O-])cc(-c6c(Cl)ccc(Cl)c6-c6cc(C)on6)cc5[N+](=O)[O-])c(CCN)cc4C2C3=O)O1
21,CN1CCCCC1c1ccccc1O
22,CN1CCC(c2ccc3ccccc3c2)(c2ccc3cc(C4(C5=CC6CCC(C5)C6)C(=O)NC(=O)NC4=O)ccc3c2)CC1
23,Cc1cc(O)ccc1C(=O)C(C)(C)C
24,Cc1c(N)c(=O)n(C23OC(C)(C)OC2CC2C4CCC5=CC(=O)C=CC5(C)C4(F)C(O)CC23C)n1C
25,Cc1cnc(C2OCCO2)nc1
26,CN1CCCCC1CC(O)CO
27,CC12CCC(=O)C=C1CC(C(=O)O)C1C2CCC2(C)C1CCC21CCC(=O)O1
28,CCCCC=C1c2ccccc2COc2ccccc21
29,CN1CCCCC1c1c2occc2cc2ccc(=O)oc12
30,C=C(C)C1Cc2c(ccc3c2OC2COc4cc(-c5c([N+](=O)[O-])cc(-c6c(Cl)ccc(Cl)c6-c6ccccn6)cc5[N+](=O)[O-])c(CCN)cc4C2C3=O)O1
31,Cc1cnc(-c2cnccn2)nc1
32,C=C(C)C1Cc2c(ccc3c2OC2COc4cc(-c5c([N+](=O)[O-])cc(-c6c(Cl)ccc(Cl)c6C6NC(=O)NC6=O)cc5[N+](=O)[O-])c(CCN)cc4C2C3=O)O1
33,CN1CCC(c2ccc(Cl)c(Cl)c2)(c2ccc3cc(C4(C5=CC6CCC(C5)C6)C(=O)NC(=O)NC4=O)ccc3c2)CC1
34,CN1CCC(c2ccc3cc(C4(C5=CC6CCC(C5)C6)C(=O)NC(=O)NC4=O)ccc3c2)(c2ccccc2Cl)CC1
35,C=COC1CCCCN1C
36,CC12CCC(=O)C=C1CC(c1c(Cl)cc(Cl)c(Cl)c1Cl)C1C2CCC2(C)C1CCC21CCC(=O)O1
37,Cc1ccc(C2CC(C)CC(C)C2=O)c(O)c1
38,CC(CC=C1c2ccccc2COc2ccccc21)CCCC(C)(C)Oc1cccc([N+](=O)[O-])c1
39,CC(C)(C)C(=O)c1c2occc2cc2ccc(=O)oc12
40,NC(=O)C1=C(O)C(c2c(Cl)cccc2Cl)C2CC3C(=C(O)C2(O)C1=O)C(=O)c1c(O)ccc(Cl)c1C3O
41,O=C1c2ccccc2C(=O)C1c1c(Cl)cccc1Cl
42,CC1(C)OC2CC3C4CCC5=CC(=O)C=CC5(C)C4(F)C(O)CC3(C)C2(C2(O)OCC(O)C(O)C2O)O1
43,CSC1CCCCN1C
44,O=c1sc2cccc(Cl)c2n1-c1c(Cl)cccc1Cl
45,C=C(C)C1Cc2c(ccc3c2OC2COc4cc(-c5c([N+](=O)[O-])cc(-c6c(Cl)ccc(Cl)c6-c6ncnc7nccnc67)cc5[N+](=O)[O-])c(CCN)cc4C2C3=O)O1
46,C=C(C)C1Cc2c(ccc3c2OC2COc4cc(-c5c([N+](=O)[O-])cc(-c6c(Cl)ccc(Cl)c6-c6c[nH]cn6)cc5[N+](=O)[O-])c(CCN)cc4C2C3=O)O1
47,CC(C(=O)NO)C12OC(C)(C)OC1CC1C3CCC4=CC(=O)C=CC4(C)C3(F)C(O)CC12C
48,CC=C1c2ccccc2COc2ccccc21
49,CN1CCC(c2ccc3cc(C4(C5=CC6CCC(C5)C6)C(=O)NC(=O)NC4=O)ccc3c2)(c2ccccc2[N+](=O)[O-])CC1
50,Cc1cccc(OC(C)(C)CCCC(C)CC=C2c3ccccc3COc3ccccc32)c1C
51,CC(CC=C1c2ccccc2COc2ccccc21)CCCC(C)(C)Oc1cc(=O)[nH]c(=O)[nH]1
52,CC1(C)OC2CC3C4CCC5=CC(=O)C=CC5(C)C4(F)C(O)CC3(C)C2(n2ncc(N)c(Br)c2=O)O1
53,Cc1ccc(-n2c3nc(=O)[nH]c(=O)c-3nc3cc(C)c(C)cc32)c(O)c1
54,C=C(C)C1Cc2c(ccc3c2OC2COc4cc(-c5c([N+](=O)[O-])cc(-c6c(Cl)ccc(Cl)c6-c6nc(Cl)c(Cl)c(N)c6Cl)cc5[N+](=O)[O-])c(CCN)cc4C2C3=O)O1
55,CC12CCC(=O)C=C1CC(c1c3occc3cc3ccc(=O)oc13)C1C2CCC2(C)C1CCC21CCC(=O)O1
56,CC(=O)CCc1ccc(C)cc1O
57,CC1(C)OC2CC3C4CCC5=CC(=O)C=CC5(C)C4(F)C(O)CC3(C)C2(C(=O)C(C)(C)C)O1
58,Cc1ccc(C2CCC(C)CC2O)c(O)c1
59,CC(C)(C)C(=O)c1cccc2ccccc12
60,CC12CCC(=O)C=C1CCC1C2CCC2(C)C1CCC2(O)c1c(Cl)cccc1Cl
61,C=CC1CN2CCC1CC2C12OC(C)(C)OC1CC1C3CCC4=CC(=O)C=CC4(C)C3(F)C(O)CC12C
62,CN1CCC(c2cccc(N)c2)(c2ccc3cc(C4(C5=CC6CCC(C5)C6)C(=O)NC(=O)NC4=O)ccc3c2)CC1
63,CC1(C)OC2CC3C4CCC5=CC(=O)C=CC5(C)C4(F)C(O)CC3(C)C2(C(O)CN)O1
64,C=C(C)C1Cc2c(ccc3c2OC2COc4cc(-c5c([N+](=O)[O-])cc(-c6c(Cl)ccc(Cl)c6C6CCC7(C)C(=CCC8C9CCC(=O)C9(C)CCC87)C6)cc5[N+](=O)[O-])c(CCN)cc4C2C3=O)O1
65,CC(C)(C)C(=O)c1c(Cl)cccc1Cl
66,Cc1cccc(C)c1C1(c2ccc3cc(C4(C5=CC6CCC(C5)C6)C(=O)NC(=O)NC4=O)ccc3c2)CCN(C)CC1
67,CC(CCC(=O)O)C1CCCCN1C
68,C=C(C)C1Cc2c(ccc3c2OC2COc4cc(-c5c([N+](=O)[O-])cc(-c6c(Cl)ccc(Cl)c6N6CCN(C)CC6)cc5[N+](=O)[O-])c(CCN)cc4C2C3=O)O1
69,Clc1cccc(Cl)c1-c1ccco1
70,Cc1ccc(C23OC(C)(C)OC2CC2C4CCC5=CC(=O)C=CC5(C)C4(F)C(O)CC23C)c(O)c1
71,CC1(C)OC2CC3C4CCC5=CC(=O)C=CC5(C)C4(F)C(O)CC3(C)C2(c2cc(=O)[nH]c(=O)[nH]2)O1
72,CCCCCC12OC(C)(C)OC1CC1C3CCC4=CC(=O)C=CC4(C)C3(F)C(O)CC12C
73,CC12CCC(=O)C=C1CC(c1cc(Cl)c(Cl)c(Cl)c1Cl)C1C2CCC2(C)C1CCC21CCC(=O)O1
74,Cc1occc1C(=O)C(C)(C)C
75,CN1CCCCC1OS(=O)(=O)N(C)C
76,CC(CC=C1c2ccccc2COc2ccccc21)CCCC(C)(C)OS(C)(=O)=O
77,CC(CC=C1c2ccccc2COc2ccccc21)CCCC(C)(C)SN1C(=O)C2CC=CCC2C1=O
78,CC(CC=C1c2ccccc2COc2ccccc21)CCCC(C)(C)Oc1ccc(C=O)cc1
79,Cn1c(=O)c2c(ncn2C23OC(C)(C)OC2CC2C4CCC5=CC(=O)C=CC5(C)C4(F)C(O)CC23C)n(C)c1=O
80,CC12CCC(=O)C=C1CC(C1OC(O)C(O)C(O)C1O)C1C2CCC2(C)C1CCC21CCC(=O)O1
81,CC(C)(C)C(=O)c1cc(O)ccc1O
82,CC(=O)SC1CCCCN1C
83,CC(CC=C1c2ccccc2COc2ccccc21)CCCC(C)(C)N1c2ccccc2Sc2ccc(C#N)cc21
84,Cc1cnc(-c2oc3cc(O)cc(O)c3c(=O)c2O)nc1
85,CN1CCCCC1C1CC2=CC(=O)CCC2(C)C2CCC3(C)C(CCC34CCC(=O)O4)C12
86,CN1CCC(c2ccc3cc(C4(C5=CC6CCC(C5)C6)C(=O)NC(=O)NC4=O)ccc3c2)(c2cc(Cl)c(Cl)cc2Cl)CC1
87,Cc1cnc(C2NC(=O)c3cc(S(N)(=O)=O)c(Cl)cc3N2)nc1
88,CC(C)(C)C(=O)c1ccc(F)cc1
89,CC12CCC(=O)C=C1CC(c1c[nH]c3ccccc13)C1C2CCC2(C)C1CCC21CCC(=O)O1
90,Cc1cc2nc3c(=O)[nH]c(=O)nc-3n(-c3c(Cl)cccc3Cl)c2cc1C
91,CC(C)(C)C(=O)c1cc(Cl)ccc1O
92,CN1CCCCC1c1ccc([N+](=O)[O-])cc1Cl
93,Cc1cc(C(=O)C(C)(C)C)ccc1[N+](=O)[O-]
94,Clc1cccc(Cl)c1-c1ncnc2nccnc12
95,C=CC1CN2CCC1CC2C1(c2ccc3cc(C4(C5=CC6CCC(C5)C6)C(=O)NC(=O)NC4=O)ccc3c2)CCN(C)CC1
96,C=CCS(=O)Sc1ncc(C)cn1
97,CC(C)(C)C(=O)C1OC(O)C(O)C(O)C1O
98,C=C(C)C1Cc2c(ccc3c2OC2COc4cc(-c5c([N+](=O)[O-])cc(-c6c(Cl)ccc(Cl)c6-c6cc(C)nc(C)n6)cc5[N+](=O)[O-])c(CCN)cc4C2C3=O)O1
99,CN1CCC(c2ccc3cc(C4(C5=CC6CCC(C5)C6)C(=O)NC(=O)NC4=O)ccc3c2)(c2ccc(Cl)cc2O)CC1
100,Cc1cnc(-n2oc(=O)n(C)c2=O)nc1
101,Cc1cnc(-c2c[nH]c3ccccc23)nc1
102,Cc1cnc(-c2ccc3cc4ccccc4cc3c2)nc1
103,CN1CCC(c2ccc3cc(C4(C5=CC6CCC(C5)C6)C(=O)NC(=O)NC4=O)ccc3c2)(c2ccc3c4c2OC2C(O)C=CC5C(C3)N(C)CCC452)CC1
104,Cc1ccnc(-c2c(Cl)cccc2Cl)n1
105,Clc1cccc(Cl)c1-n1cncn1
106,CN1CCCCC1c1cccnc1
107,CC12C=CC(=O)C=C1CCC1C2C(O)CC2(C)C1CCC2(O)c1c(Cl)cccc1Cl
108,CC(CC=C1c2ccccc2COc2ccccc21)CCCC(C)(C)Oc1nc(Cl)c(Cl)c(N)c1Cl
109,CC(C)(C)C(=O)c1cc(O)c2c(=O)c3cc(O)ccc3oc2c1
110,CC(CC=C1c2ccccc2COc2ccccc21)CCCC(C)(C)Oc1ncc2nccnc2n1
111,CC(C)(C)C(=O)C1CC2=CC(=O)CCC2(C)C2CCC3(C)C(CCC34CCC(=O)O4)C12
112,CN1CCCCC1CCl
113,CC1(C)OC2CC3C4CCC5=CC(=O)C=CC5(C)C4(F)C(O)CC3(C)C2(N2C(=O)c3ccccc3C2=O)O1
114,C=C(C)C1Cc2c(ccc3c2OC2COc4cc(-c5c([N+](=O)[O-])cc(-c6c(Cl)ccc(Cl)c6SC)cc5[N+](=O)[O-])c(CCN)cc4C2C3=O)O1
115,O=CC=C1c2ccccc2COc2ccccc21
116,C=CCS(=O)SC12OC(C)(C)OC1CC1C3CCC4=CC(=O)C=CC4(C)C3(F)C(O)CC12C
117,Clc1cccc(Cl)c1-c1nccs1
118,CSC(C)(C)CCCC(C)CC=C1c2ccccc2COc2ccccc21
119,CC12CCC(=O)C=C1CC(SN1C(=O)C3CC=CCC3C1=O)C1C2CCC2(C)C1CCC21CCC(=O)O1
120,C=C(C)C1Cc2c(ccc3c2OC2COc4cc(-c5c([N+](=O)[O-])cc(-c6c(Cl)ccc(Cl)c6C6Nc7cc(Cl)c(S(N)(=O)=O)cc7S(=O)(=O)N6)cc5[N+](=O)[O-])c(CCN)cc4C2C3=O)O1
121,C=C(C)C1Cc2c(ccc3c2OC2COc4cc(-c5c([N+](=O)[O-])cc(-c6c(Cl)ccc(Cl)c6-c6cccs6)cc5[N+](=O)[O-])c(CCN)cc4C2C3=O)O1
122,CC(CC=C1c2ccccc2COc2ccccc21)CCCC(C)(C)Oc1ccc(N)cc1
123,CN1CCCCC1c1c(O)c(Cl)c(Cl)c(Cl)c1Cl
124,CS(=O)c1ccc(C2CC3=CC(=O)CCC3(C)C3CCC4(C)C(CCC45CCC(=O)O5)C23)cc1
125,Cc1cnc(-c2c(C)cccc2C)nc1
126,CN1CCC(c2ccc3cc(C4(C5=CC6CCC(C5)C6)C(=O)NC(=O)NC4=O)ccc3c2)(c2ccc(Cl)cc2Cl)CC1
127,CN1CCC(c2ccc(C=O)cc2)(c2ccc3cc(C4(C5=CC6CCC(C5)C6)C(=O)NC(=O)NC4=O)ccc3c2)CC1
128,CC(C)(C)C(=O)c1c(Cl)c(Cl)cc(Cl)c1Cl
129,Cc1cnc(-c2cc(I)c(O)c(I)c2)nc1
130,CC12CCC(=O)C=C1CC(c1ccsc1)C1C2CCC2(C)C1CCC21CCC(=O)O1
131,Cc1ccc(C2CC3C4OC4C(C2)N3C)c(O)c1
132,CN1CCCC1C12OC(C)(C)OC1CC1C3CCC4=CC(=O)C=CC4(C)C3(F)C(O)CC12C
133,C=C(C)C1Cc2c(ccc3c2OC2COc4cc(-c5c([N+](=O)[O-])cc(-c6c(Cl)ccc(Cl)c6-c6nc(C)c(C)o6)cc5[N+](=O)[O-])c(CCN)cc4C2C3=O)O1
134,CC12CCC(=O)C=C1CC(N1CCNCC1)C1C2CCC2(C)C1CCC21CCC(=O)O1
135,CSc1ncc(C)cn1
136,Cc1ccc(CCl)c(O)c1
137,CC(CC=C1c2ccccc2COc2ccccc21)CCCC(C)(C)Oc1ccccc1I
138,CC(C)(C)C(=O)c1cnc(N)nc1N
139,CC12C=CC(=O)C=C1CCC1C3CC(O)C(O)(c4c(Cl)cccc4Cl)C3(C)CC(O)C12F
140,c1ccc2c(c1)CCc1ccccc1C2=C1c2ccccc2COc2ccccc21
141,CN1CCCCC1c1cccc(N)c1
142,CN1CCCCC1C(F)(F)F
143,CC12CCC(=O)C=C1CC(C1NC(=O)NC1=O)C1C2CCC2(C)C1CCC21CCC(=O)O1
144,CC12CCC(=O)C=C1CCC1C2CCC2(C)C(c3c(Cl)cccc3Cl)CCC12
145,Cc1cnc(-c2ccnc3ccccc23)nc1
146,CN1CCC(c2ccc3cc(C4(C5=CC6CCC(C5)C6)C(=O)NC(=O)NC4=O)ccc3c2)(c2ccccc2O)CC1
147,CN1CCCCC1c1c[nH]c2ccccc12
148,CC(C)(C)C(=O)c1ccccc1N
149,Cc1cccc(C2(c3ccc4cc(C5(C6=CC7CCC(C6)C7)C(=O)NC(=O)NC5=O)ccc4c3)CCN(C)CC2)c1C
150,CN1CCCCC1c1ccc(N)cc1
151,CC1Nc2cc(Cl)c(S(N)(=O)=O)cc2C(=O)N1C12OC(C)(C)OC1CC1C3CCC4=CC(=O)C=CC4(C)C3(F)C(O)CC12C
152,C=C(C)C1Cc2c(ccc3c2OC2COc4cc(-c5c([N+](=O)[O-])cc(-c6c(Cl)ccc(Cl)c6C6C7CC8C9N(C)c%10ccccc%10C9%10CC(C7C%10O)N8C6O)cc5[N+](=O)[O-])c(CCN)cc4C2C3=O)O1
153,C=CC1CN2CCC1CC2C(=O)C(C)(C)C
154,Cc1cnc(-c2nc(Cl)c(Cl)c(N)c2Cl)nc1
155,Cc1ccc(C2CCC3C4C(O)CC5CC(O)CCC5(C)C4CCC23C)c(O)c1
156,CC(CC=C1c2ccccc2COc2ccccc21)CCCC(C)(C)Oc1ccccc1O
157,Cc1ccc(-n2ncc(N)c(Br)c2=O)c(O)c1
158,CN1CCC(c2ccc3cc(C4(C5=CC6CCC(C5)C6)C(=O)NC(=O)NC4=O)ccc3c2)(c2cc(Cl)ccc2O)CC1
159,Cc1cnc(-c2ncccn2)nc1
160,Cc1ccc(C(O)CN)c(O)c1
161,C=CC(C)(O)CCC=C1c2ccccc2COc2ccccc21
162,Cc1cnc(-n2cncn2)nc1
163,COP(=S)(OC)OC1CC2=CC(=O)CCC2(C)C2CCC3(C)C(CCC34CCC(=O)O4)C12
164,C=C(C)C1Cc2c(ccc3c2OC2COc4cc(-c5c([N+](=O)[O-])cc(-c6c(Cl)ccc(Cl)c6C6(O)CCC7C8CC(C)C9=CC(=O)C=CC9(C)C8C(O)CC76C)cc5[N+](=O)[O-])c(CCN)cc4C2C3=O)O1
165,CC1=CC2C(CCC3(C)C2CCC3(C)c2ccc(C)cc2O)C2(C)CCC(=O)C=C12
166,CC(C)(C)C(=O)c1ccc(Cl)c(Cl)c1Cl
167,Clc1cccc(Cl)c1-c1ccc2ccccc2n1
168,CN1CCCCC1CC(=O)O
169,Cc1cnc(-n2c(=O)c(N)c(C)n2C)nc1
170,CC12CCC(=O)C=C1CC(C(=O)CO)C1C2CCC2(C)C1CCC21CCC(=O)O1
171,CC(C)(C)C(=O)c1ccc(O)cc1O
172,CNC(=NC#N)NC(C)(C)CCCC(C)CC=C1c2ccccc2COc2ccccc21
173,CC(CC=C1c2ccccc2COc2ccccc21)CCCC(C)(C)Oc1c2occc2cc2ccc(=O)oc12
174,Cc1ncc([N+](=O)[O-])n1-c1c(Cl)cccc1Cl
175,CC1(C)OC2CC3C4CCC5=CC(=O)C=CC5(C)C4(F)C(O)CC3(C)C2(c2ccccn2)O1
176,CN1CCC(c2ccc(O)c(I)c2)(c2ccc3cc(C4(C5=CC6CCC(C5)C6)C(=O)NC(=O)NC4=O)ccc3c2)CC1
177,CCC(C)C1CCCCN1C
178,C=C(C)C1Cc2c(ccc3c2OC2COc4cc(-c5c([N+](=O)[O-])cc(-c6c(Cl)ccc(Cl)c6C(N)=O)cc5[N+](=O)[O-])c(CCN)cc4C2C3=O)O1
179,Cc1ccc(C2C(C=C(Cl)Cl)C2(C)C)c(O)c1
180,CC1(C)OC2CC3C4CCC5=CC(=O)C=CC5(C)C4(F)C(O)CC3(C)C2(n2c(=O)sc3cccc(Cl)c32)O1
181,CC1(C)OC2CC3C4CCC5=CC(=O)C=CC5(C)C4(F)C(O)CC3(C)C2(C2OC(O)C(O)C(O)C2O)O1
182,CC12CCC(=O)C=C1CC(c1c(O)c(Cl)c(Cl)c(Cl)c1Cl)C1C2CCC2(C)C1CCC21CCC(=O)O1
183,CC12CCC(=O)C=C1CC(ON=C1C(Cl)C3CC(C#N)C1C3)C1C2CCC2(C)C1CCC21CCC(=O)O1
184,Cc1cnc(-c2cccc(C)c2C)nc1
185,Cc1c(Cl)c(=O)oc2cc(C3(c4ccc5cc(C6(C7=CC8CCC(C7)C8)C(=O)NC(=O)NC6=O)ccc5c4)CCN(C)CC3)ccc12
186,Cc1cnc(-c2ncnc3nccnc23)nc1
187,CC12CCC(=O)C=C1CC(C(=O)CCC(=O)O)C1C2CCC2(C)C1CCC21CCC(=O)O1
188,CN1CCC(c2ccc3cc(C4(C5=CC6CCC(C5)C6)C(=O)NC(=O)NC4=O)ccc3c2)(c2ccc(Cl)c(Cl)c2Cl)CC1
189,CC(CC=C1c2ccccc2COc2ccccc21)CCCC(C)(C)Oc1oc2cc(O)cc(O)c2c(=O)c1O
190,C=C(C)C1Cc2c(ccc3c2OC2COc4cc(-c5c([N+](=O)[O-])cc(-c6c(Cl)ccc(Cl)c6-c6nccs6)cc5[N+](=O)[O-])c(CCN)cc4C2C3=O)O1
191,C=C(C)C1Cc2c(ccc3c2OC2COc4cc(-c5c([N+](=O)[O-])cc(-c6c(Cl)ccc(Cl)c6C6C(O)=C(C(N)=O)C(=O)C7(O)C(O)=C8C(=O)c9c(O)cccc9C(C)(O)C8C(O)C67)cc5[N+](=O)[O-])c(CCN)cc4C2C3=O)O1
192,CC(CC=C1c2ccccc2COc2ccccc21)CCCC(C)(C)Oc1ccc2c(c1)OCO2
193,CC(CC=C1c2ccccc2COc2ccccc21)CCCC(C)(C)Oc1ccncc1
194,CC(C)(C)C(=O)c1ccccc1O
195,C#CC1(c2ccc(C)cc2O)CCC2C3CCC4=CC(=O)CCC4C3CCC21C
196,Cc1ccc(C2C(O)=C(C(N)=O)C(=O)C3(O)C(O)=C4C(=O)c5c(O)cccc5C(C)C4C(O)C23)c(O)c1
197,Cc1cnc(-c2ccc(Cl)c(Cl)c2)nc1
198,Cc1cnc(C2Nc3cc(Cl)c(S(N)(=O)=O)cc3S(=O)(=O)N2)nc1
199,CN1CCCCC1c1cc(Cl)ccc1Cl
200,Cc1ccc(C2CCCCC2C)c(O)c1
201,Cc1ccc(C(Cl)Cl)c(O)c1
202,CN1CCCCC1c1ccc(S(C)=O)cc1
203,CN1CCCCC1CCO
204,Clc1ccc2c(c1)N(c1c(Cl)cccc1Cl)c1ccccc1S2
205,C=CC1CN2CCC1CC2C1CC2=CC(=O)CCC2(C)C2CCC3(C)C(CCC34CCC(=O)O4)C12
206,Cc1cnc(O[N+](=O)[O-])nc1
207,Cc1ccc(C2CC(=O)NC(=O)C2)c(O)c1
208,Clc1cccc(Cl)c1N1c2ccccc2CCc2ccccc21
209,CC(CC=C1c2ccccc2COc2ccccc21)CCCC(C)(C)NC(N)=S
210,CNC(C)(C)CCCC(C)CC=C1c2ccccc2COc2ccccc21
211,Cc1cnc(N2CCNCC2)nc1
212,Cc1cnc(NC(=N)N)nc1
213,C=C(C)C1Cc2c(ccc3c2OC2COc4cc(-c5c([N+](=O)[O-])cc(-c6c(Cl)ccc(Cl)c6SN6C(=O)C7CC=CCC7C6=O)cc5[N+](=O)[O-])c(CCN)cc4C2C3=O)O1
214,Oc1ncnc2c1ncn2-c1c(Cl)cccc1Cl
215,Cc1cnc(N2CCC(O)CC2)nc1
216,CNC(=NC#N)NC12OC(C)(C)OC1CC1C3CCC4=CC(=O)C=CC4(C)C3(F)C(O)CC12C
217,CC12CCC(=O)C=C1CC(N1c3ccccc3Sc3ccc(C#N)cc31)C1C2CCC2(C)C1CCC21CCC(=O)O1
218,Cc1ccc(O)cc1C1(c2ccc3cc(C4(C5=CC6CCC(C5)C6)C(=O)NC(=O)NC4=O)ccc3c2)CCN(C)CC1
219,Cc1cc(OC(C)(C)CCCC(C)CC=C2c3ccccc3COc3ccccc32)no1
220,CC(C)(C)C(=O)c1cc(O)c(O)c(O)c1
221,CC(O)C1CCCCN1C
222,CN1CCCCC1CC(O)C(O)C(O)CO
223,C=C(C)C1Cc2c(ccc3c2OC2COc4cc(-c5c([N+](=O)[O-])cc(-c6c(Cl)ccc(Cl)c6C6(O)C=CC(=O)C=C6)cc5[N+](=O)[O-])c(CCN)cc4C2C3=O)O1
224,CC(CC=C1c2ccccc2COc2ccccc21)CCCC(C)(C)Oc1cccc(Cl)n1
225,O=[N+]([O-])c1nccn1-c1c(Cl)cccc1Cl
226,CC(CC=C1c2ccccc2COc2ccccc21)CCCC(C)(C)N1c2ccccc2Sc2ccccc21
227,Cc1noc(OC(C)(C)CCCC(C)CC=C2c3ccccc3COc3ccccc32)c1C
228,CC(=O)CCC12OC(C)(C)OC1CC1C3CCC4=CC(=O)C=CC4(C)C3(F)C(O)CC12C
229,CC(C)(C)C(=O)c1c([N+](=O)[O-])cc(S(N)(=O)=O)cc1[N+](=O)[O-]
230,Clc1cccc(Cl)c1-c1ncccn1
231,CC12CCC(O)CC1CC(O)C1C2CC(O)C2(C)C(c3c(Cl)cccc3Cl)CCC12
232,CN1CCCCC1CCC(=O)O
233,CC12CCC(=O)C=C1CC(N1CCCCC1)C1C2CCC2(C)C1CCC21CCC(=O)O1
234,C=C(C)C1Cc2c(ccc3c2OC2COc4cc(-c5c([N+](=O)[O-])cc(-c6c(Cl)ccc(Cl)c6C6CCC7C8CC(O)C9CC(O)CCC9(C)C8CC(O)C67C)cc5[N+](=O)[O-])c(CCN)cc4C2C3=O)O1
235,CC1(C)OC2CC3C4CCC5=CC(=O)C=CC5(C)C4(F)C(O)CC3(C)C2(c2ncc3nccnc3n2)O1
236,Cc1cnc(-c2cccs2)nc1
237,CN1CCC(c2ccc3cc(C4(C5=CC6CCC(C5)C6)C(=O)NC(=O)NC4=O)ccc3c2)(c2ccc(O)cc2O)CC1
238,N=C(N)Nc1c(Cl)cccc1Cl
239,CC(C)(C)C(=O)c1ccc([N+](=O)[O-])cc1Cl
240,CC(CC=C1c2ccccc2COc2ccccc21)CCCC(C)(C)OC1=CC(=O)CC(C)(C)C1
241,C=C(C)C1Cc2c(ccc3c2OC2COc4cc(-c5c([N+](=O)[O-])cc(-c6c(Cl)ccc(Cl)c6C6C(O)=C(C(N)=O)C(=O)C7(O)C(O)=C8C(=O)c9c(O)ccc(Cl)c9C(C)(O)C8CC67)cc5[N+](=O)[O-])c(CCN)cc4C2C3=O)O1
242,CCCC(C)C1CCCCN1C
243,Cc1c(N)c(=O)n(-c2c(Cl)cccc2Cl)n1C
244,Cc1cnc(-c2c[nH]cn2)nc1
245,CC1OC(C2CC3=CC(=O)CCC3(C)C3CCC4(C)C(CCC45CCC(=O)O5)C23)C(O)C(N)C1O
246,CC1(C)OC2CC3C4CCC5=CC(=O)C=CC5(C)C4(F)C(O)CC3(C)C2(N2CCNC2=O)O1
247,Cc1cnc(NC=O)nc1
248,CN1CCC(c2ccc3c(c2)OCO3)(c2ccc3cc(C4(C5=CC6CCC(C5)C6)C(=O)NC(=O)NC4=O)ccc3c2)CC1
249,CN1CCC(c2ccc3cc(C4(C5=CC6CCC(C5)C6)C(=O)NC(=O)NC4=O)ccc3c2)(C2CO2)CC1
250,CC12CCC(=O)C=C1CC(c1ccccc1O)C1C2CCC2(C)C1CCC21CCC(=O)O1
251,NC(=S)Nc1c(Cl)cccc1Cl
252,CN1CCC(c2ccc3cc(C4(C5=CC6CCC(C5)C6)C(=O)NC(=O)NC4=O)ccc3c2)(c2cc(S(N)(=O)=O)c(Cl)cc2O)CC1
253,Cc1ncc([N+](=O)[O-])n1C12OC(C)(C)OC1CC1C3CCC4=CC(=O)C=CC4(C)C3(F)C(O)CC12C
254,CC(C)(C)C(=O)c1cccc(N)c1
255,Cc1cnc(-c2c(O)c(Cl)c(Cl)c(Cl)c2Cl)nc1
256,CC(CC=C1c2ccccc2COc2ccccc21)CCCC(C)(C)Oc1nc(Cl)c(Cl)cc1Cl
257,Cc1[nH]cnc1OC(C)(C)CCCC(C)CC=C1c2ccccc2COc2ccccc21
258,CC(CC=C1c2ccccc2COc2ccccc21)CCCC(C)(C)Oc1ccc2ccccc2n1
259,C=C(C)C1Cc2c(ccc3c2OC2COc4cc(-c5c([N+](=O)[O-])cc(-c6c(Cl)ccc(Cl)c6C6CCC(C)CC6=O)cc5[N+](=O)[O-])c(CCN)cc4C2C3=O)O1
260,CN1CCCCC1c1cc(Cl)c(Cl)cc1O
261,CC(C)CCC1CCCCN1C
262,Cc1cnc(C2OC(O)C(O)C(O)C2O)nc1
263,CC12CCC(=O)C=C1CC(C1NC(=O)c3cc(S(N)(=O)=O)c(Cl)cc3N1)C1C2CCC2(C)C1CCC21CCC(=O)O1
264,CN1CCCCC1c1c(O)c2ccccc2oc1=O
265,CC(C)(C)C(=O)c1cccc(Cl)c1Cl
266,C=C(C)C1Cc2c(ccc3c2OC2COc4cc(-c5c([N+](=O)[O-])cc(-c6c(Cl)ccc(Cl)c6-c6nc(C)cc(C)n6)cc5[N+](=O)[O-])c(CCN)cc4C2C3=O)O1
267,Cc1cnc(N2c3ccccc3Sc3ccc(C#N)cc32)nc1
268,CN1CCC(c2ccccc2)(c2ccc3cc(C4(C5=CC6CCC(C5)C6)C(=O)NC(=O)NC4=O)ccc3c2)CC1
269,CN1CCC(c2ccc(O)c(O)c2)(c2ccc3cc(C4(C5=CC6CCC(C5)C6)C(=O)NC(=O)NC4=O)ccc3c2)CC1
270,Cc1ccc(-n2c(=O)[nH]c(C)c(Cl)c2=O)c(O)c1
271,CN1CCCCC1c1ccccc1I
272,Cc1cc(Cl)ccc1C1(c2ccc3cc(C4(C5=CC6CCC(C5)C6)C(=O)NC(=O)NC4=O)ccc3c2)CCN(C)CC1
273,CC(C)(C)C(=O)c1ccc(O)cc1
274,CC(C)(C)C(=O)c1c(F)cccc1F
275,Cc1cnc(C2CC(=O)c3c(O)cc(O)cc3O2)nc1
276,Nc1c(Cl)c(Cl)nc(-c2c(Cl)cccc2Cl)c1Cl
277,CC12CCC(=O)C=C1CCC1C2C(=O)CC2(C)C1CCC2(O)c1c(Cl)cccc1Cl
278,CCC(C)c1ccc(C)cc1O
279,Cc1ccc(C(C)O)c(O)c1
280,C=C(C)C1Cc2c(ccc3c2OC2COc4cc(-c5c([N+](=O)[O-])cc(-c6c(Cl)ccc(Cl)c6-c6ncc([N+](=O)[O-])s6)cc5[N+](=O)[O-])c(CCN)cc4C2C3=O)O1
281,C=C(C)C1Cc2c(ccc3c2OC2COc4cc(-c5c([N+](=O)[O-])cc(-c6c(Cl)ccc(Cl)c6C(=O)NN)cc5[N+](=O)[O-])c(CCN)cc4C2C3=O)O1
282,CN(C)C1CC2=CC(=O)CCC2(C)C2CCC3(C)C(CCC34CCC(=O)O4)C12
283,Cc1cnc(-c2cccc(I)c2)nc1
284,CC(CC=C1c2ccccc2COc2ccccc21)CCCC(C)(C)Oc1cncnc1
285,CC(C)(C)C(=O)c1c[nH]c2ccccc12
286,CN1CCC(c2ccc(S(N)(=O)=O)cc2)(c2ccc3cc(C4(C5=CC6CCC(C5)C6)C(=O)NC(=O)NC4=O)ccc3c2)CC1
287,Cc1ccc(C2CCC3C4CC(O)C5CC(O)CCC5(C)C4CCC23C)c(O)c1
288,CN1CCC(c2ccc3cc(C4(C5=CC6CCC(C5)C6)C(=O)NC(=O)NC4=O)ccc3c2)(c2c[nH]c3ccccc23)CC1
289,Clc1cccc(Cl)c1-c1c[nH]cn1
290,CC(C)(C)C(=O)c1ccc(I)cc1
291,Cc1cnc(OC=O)nc1
292,Cc1cnc(C2CCCCN2)nc1
293,Cc1cc(C)nc(C23OC(C)(C)OC2CC2C4CCC5=CC(=O)C=CC5(C)C4(F)C(O)CC23C)n1
294,Cc1cnc(-c2ncc([N+](=O)[O-])s2)nc1
295,CNC1CC2=CC(=O)CCC2(C)C2CCC3(C)C(CCC34CCC(=O)O4)C12
296,CN1CCC(c2ccncc2)(c2ccc3cc(C4(C5=CC6CCC(C5)C6)C(=O)NC(=O)NC4=O)ccc3c2)CC1
297,CN1CCCCC1c1ccccc1
298,CN1CCC(c2ccc3cc(C4(C5=CC6CCC(C5)C6)C(=O)NC(=O)NC4=O)ccc3c2)(c2cc(Cl)c(Cl)cc2O)CC1
299,CCc1ccc(C)cc1O
300,Cc1ccc(C2C(O)CC3CCC2N3C)c(O)c1
301,C=C(C)C1Cc2c(ccc3c2OC2COc4cc(-c5c([N+](=O)[O-])cc(-c6c(Cl)ccc(Cl)c6-c6nc(Cl)c(Cl)cc6Cl)cc5[N+](=O)[O-])c(CCN)cc4C2C3=O)O1
302,CC(CC=C1c2ccccc2COc2ccccc21)CCCC(C)(C)Oc1c(O)c(Cl)c(Cl)c(Cl)c1Cl
303,Cc1cnc(-n2ncc(N)c(Cl)c2=O)nc1
304,CCCCC1CCCCN1C
305,CCC(C)(C)C1CCCCN1C
306,CC(C)CCC12OC(C)(C)OC1CC1C3CCC4=CC(=O)C=CC4(C)C3(F)C(O)CC12C
307,C=C(C)C1Cc2c(ccc3c2OC2COc4cc(-c5c([N+](=O)[O-])cc(-c6c(Cl)ccc(Cl)c6NC6=C(Cl)C(=O)c7ccccc7C6=O)cc5[N+](=O)[O-])c(CCN)cc4C2C3=O)O1
308,CN1CCC(c2ccc3cc(C4(C5=CC6CCC(C5)C6)C(=O)NC(=O)NC4=O)ccc3c2)(C2OC(O)C(O)C(O)C2O)CC1
309,Cc1ccc(CCCO)c(O)c1
310,CC(CC=C1c2ccccc2COc2ccccc21)CCCC(C)(C)Oc1cc(Cl)ccc1Cl
311,CC(C)(C)C(=O)c1ccc(Cl)cc1O
312,Cc1cnc(-c2c3occc3cc3ccc(=O)oc23)nc1
313,Cc1ccc2nc(C34OC(C)(C)OC3CC3C5CCC6=CC(=O)C=CC6(C)C5(F)C(O)CC34C)sc2c1
314,C=C(C)C1Cc2c(ccc3c2OC2COc4cc(-c5c([N+](=O)[O-])cc(-c6c(Cl)ccc(Cl)c6N6c7ccccc7Sc7ccc(C#N)cc76)cc5[N+](=O)[O-])c(CCN)cc4C2C3=O)O1
315,CCCC1CCCCN1C
316,CC(C)(C)C(=O)c1cc(I)cc(I)c1O
317,O=c1cc(-c2c(Cl)cccc2Cl)[nH]c(=S)[nH]1
318,CC12CCC(=O)C=C1CC(c1ccccc1I)C1C2CCC2(C)C1CCC21CCC(=O)O1
319,Cc1cnc(-c2ccc(N)cc2)nc1
320,CC(=O)Sc1ncc(C)cn1
321,CC1CCCCC1c1c(Cl)cccc1Cl
322,CC12CCC(=O)C=C1CC(C1CCCCN1)C1C2CCC2(C)C1CCC21CCC(=O)O1
323,C=CCS(=O)Sc1c(Cl)ccc(Cl)c1-c1cc([N+](=O)[O-])c(-c2cc3c(cc2CCN)C2C(=O)c4ccc5c(c4OC2CO3)CC(C(=C)C)O5)c([N+](=O)[O-])c1
324,CC1(O)c2c(Cl)ccc(O)c2C(=O)C2=C(O)C3(O)C(=O)C(C(N)=O)=C(O)C(c4c(Cl)cccc4Cl)C3CC21
325,CC(C)(C)C(=O)c1cc(Cl)c(Cl)cc1O
326,Cc1ccc(C(C)CCC(=O)O)c(O)c1
327,Cc1ccc(C(C)C)c(O)c1
328,Cc1cnc(OS(=O)(=O)N(C)C)nc1
329,Cc1ccc(C2C(O)=C(C(N)=O)C(=O)C3(O)C(O)=C4C(=O)c5c(O)cccc5C(C)(O)C4CC23)c(O)c1
330,Cc1ccc(C2(O)CCC3C4CC(C)C5=CC(=O)C=CC5(C)C4(F)C(O)CC32C)c(O)c1
331,CC(C(=O)NO)C1CCCCN1C
332,C=C(C)C1Cc2c(ccc3c2OC2COc4cc(-c5c([N+](=O)[O-])cc(-c6c(Cl)ccc(Cl)c6-c6cc(=O)[nH]c(=O)[nH]6)cc5[N+](=O)[O-])c(CCN)cc4C2C3=O)O1
333,CC12CCC(=O)C=C1CC(c1ccc3ccccc3c1)C1C2CCC2(C)C1CCC21CCC(=O)O1
334,CN1CCN(C23OC(C)(C)OC2CC2C4CCC5=CC(=O)C=CC5(C)C4(F)C(O)CC23C)CC1
335,CC(C)(C)C(=O)C1CCCCN1
336,Cc1cnc(-n2ncc(N)c(Br)c2=O)nc1
337,CCCCCC1CCCCN1C
338,Cc1cnc(C2CCCN2C)nc1
339,CC12CCC(=O)C=C1CC(c1ccnc3ccccc13)C1C2CCC2(C)C1CCC21CCC(=O)O1
340,CN1CCC(c2ccc3cc(C4(C5=CC6CCC(C5)C6)C(=O)NC(=O)NC4=O)ccc3c2)(C2CCCN2C)CC1
341,CCC(C)(C)C12OC(C)(C)OC1CC1C3CCC4=CC(=O)C=CC4(C)C3(F)C(O)CC12C
342,Cc1cccc(C2CC3=CC(=O)CCC3(C)C3CCC4(C)C(CCC45CCC(=O)O5)C23)c1C
343,Cc1cnc(-n2ccc3c(N)ncnc32)nc1
344,Cc1ccc(C(=O)C(C)(C)C)cc1
345,Cc1cnc(-n2cnc3c(O)ncnc32)nc1
346,Cc1cccc(C)c1OC(C)(C)CCCC(C)CC=C1c2ccccc2COc2ccccc21
347,CC(C)(C)C(=O)c1ccc([N+](=O)[O-])cc1
348,CC1(C)OC2CC3C4CCC5=CC(=O)C=CC5(C)C4(F)C(O)CC3(C)C2(c2ccc3ccccc3n2)O1
349,Cc1cnc(-n2c(=O)sc3cccc(Cl)c32)nc1
350,Cc1cccc(C)c1C(=O)C(C)(C)C
351,C=C(C)C1Cc2c(ccc3c2OC2COc4cc(-c5c([N+](=O)[O-])cc(-c6c(Cl)ccc(Cl)c6-c6oc7cc(O)cc(O)c7c(=O)c6O)cc5[N+](=O)[O-])c(CCN)cc4C2C3=O)O1
352,CN1CCC(c2ccc3cc(C4(C5=CC6CCC(C5)C6)C(=O)NC(=O)NC4=O)ccc3c2)(c2cc(Cl)cc(N)c2Cl)CC1
353,CN1CCCCC1c1ccc2cc3ccccc3cc2c1
354,CC(=O)C1CC2=CC(=O)CCC2(C)C2CCC3(C)C(CCC34CCC(=O)O4)C12
355,Cc1nc(C23OC(C)(C)OC2CC2C4CCC5=CC(=O)C=CC5(C)C4(F)C(O)CC23C)oc1C
356,CC12CCC(=O)C=C1CC(O[N+](=O)[O-])C1C2CCC2(C)C1CCC21CCC(=O)O1
357,C=C(C)C1Cc2c(ccc3c2OC2COc4cc(-c5c([N+](=O)[O-])cc(-c6c(Cl)ccc(Cl)c6N6c7ccccc7Sc7ccc(Cl)cc76)cc5[N+](=O)[O-])c(CCN)cc4C2C3=O)O1
358,Cc1cnc(-c2nc3ccccc3c(=O)o2)nc1
359,Cc1ccc(C(F)(F)F)c(O)c1
360,CC(CC=C1c2ccccc2COc2ccccc21)CCCC(C)(C)Oc1ccco1
361,Cc1ccc(C(C)(C)C)c(O)c1
362,Cc1ccc(C(=O)C(C)(C)C)cc1O
363,CN1CCCCC1C(O)CO
364,Cc1ccc(CCO)c(O)c1
365,C=C(C)C1Cc2c(ccc3c2OC2COc4cc(-c5c([N+](=O)[O-])cc(-c6c(Cl)ccc(Cl)c6-c6cccc(Cl)n6)cc5[N+](=O)[O-])c(CCN)cc4C2C3=O)O1
366,CC(C)(C)C(=O)c1ccc2c(c1)OCO2
367,CN1CCC(c2ccc3cc(C4(C5=CC6CCC(C5)C6)C(=O)NC(=O)NC4=O)ccc3c2)(c2cc(Cl)c(I)cc2Cl)CC1
368,Cc1ccc(C2CCC(C)CC2=O)c(O)c1
369,CC1(O)c2cccc(O)c2C(=O)C2=C(O)C3(O)C(=O)C(C(N)=O)=C(O)C(c4c(Cl)cccc4Cl)C3CC21
370,CC(C)CC1CCCCN1C
371,CN1CCC(c2ccc3cc(C4(C5=CC6CCC(C5)C6)C(=O)NC(=O)NC4=O)ccc3c2)(c2c([N+](=O)[O-])cc(S(N)(=O)=O)cc2[N+](=O)[O-])CC1
372,CC(CC=C1c2ccccc2COc2ccccc21)CCCC(C)(C)Oc1cccc2ccccc12
373,Cc1[nH]cnc1-c1c(Cl)cccc1Cl
374,Cc1ccc(C2(c3ccc4cc(C5(C6=CC7CCC(C6)C7)C(=O)NC(=O)NC5=O)ccc4c3)CCN(C)CC2)cc1
375,C=CCS(=O)SC1CC2=CC(=O)CCC2(C)C2CCC3(C)C(CCC34CCC(=O)O4)C12
376,CC(C)(C)C(=O)c1c(Cl)cc(Cl)c(Cl)c1Cl
377,Cc1cnc(NC2=C(Cl)C(=O)c3ccccc3C2=O)nc1
378,Cc1cnc(-c2cc(C)nc(C)n2)nc1
379,CN1CCCCC1C(O)CN
380,CC(C)(C)C(=O)c1ccccc1I
381,CN1CCCCC1c1ccc(C=O)cc1
382,CCCCCCc1ccc(C)cc1O
383,CC1(C)OC2CC3C4CCC5=CC(=O)C=CC5(C)C4(F)C(O)CC3(C)C2(n2cnc3c(O)ncnc32)O1
384,Cc1cnc(C2CO2)nc1
385,Clc1cc(Cl)c(-c2c(Cl)cccc2Cl)nc1Cl
386,CC12CCC(=O)C=C1CC(c1c(Cl)cccc1Cl)C1C2CCC2(C)C1CCC21CCC(=O)O1
387,CC1(C)OC2CC3C4CCC5=CC(=O)C=CC5(C)C4(F)C(O)CC3(C)C2(C2CCCCN2)O1
388,CCC12OC(C)(C)OC1CC1C3CCC4=CC(=O)C=CC4(C)C3(F)C(O)CC12C
389,Cc1ccc(-n2ccc3c(N)ncnc32)c(O)c1
390,Cc1ccc(C(C)C(=O)NO)c(O)c1
391,CN1CCCCC1c1cccc([N+](=O)[O-])c1
392,Clc1cccc(Cl)c1-c1cnccn1
393,C=C(C)C1Cc2c(ccc3c2OC2COc4cc(-c5c([N+](=O)[O-])cc(-c6c(Cl)ccc(Cl)c6C6CCCN6C)cc5[N+](=O)[O-])c(CCN)cc4C2C3=O)O1
394,CCC(N)CC1CCCCN1C
395,CN1CCCCC1c1cccc(Cl)c1
396,CN1CCCCC1c1ccc([N+](=O)[O-])cc1
397,CC(C)(C)C(=O)c1ccc(Cl)cc1Cl
398,CN1CCCCC1c1ccc(Cl)cc1Cl
399,CC12CCC(=O)C=C1CC(N1C(=O)c3ccccc3C1=O)C1C2CCC2(C)C1CCC21CCC(=O)O1
400,CC1(C)OC2CC3C4CCC5=CC(=O)C=CC5(C)C4(F)C(O)CC3(C)C2(NC(N)=S)O1
401,C=C(C)C1Cc2c(ccc3c2OC2COc4cc(-c5c([N+](=O)[O-])cc(-c6c(Cl)ccc(Cl)c6C6CCC7C8CCC9=CC(=O)CCC9(C)C8CCC67C)cc5[N+](=O)[O-])c(CCN)cc4C2C3=O)O1
402,CC12CCC(=O)C=C1CC(n1ccc3c(N)ncnc31)C1C2CCC2(C)C1CCC21CCC(=O)O1
403,CC12CCC(=O)C=C1CC(NC1=C(Cl)C(=O)c3ccccc3C1=O)C1C2CCC2(C)C1CCC21CCC(=O)O1
404,CC(C)CC12OC(C)(C)OC1CC1C3CCC4=CC(=O)C=CC4(C)C3(F)C(O)CC12C
405,C=C(C)C1Cc2c(ccc3c2OC2COc4cc(-c5c([N+](=O)[O-])cc(-c6c(Cl)ccc(Cl)c6-c6ccc7ccccc7n6)cc5[N+](=O)[O-])c(CCN)cc4C2C3=O)O1
406,CNc1c(Cl)cccc1Cl
407,CC1Nc2cc(Cl)c(S(N)(=O)=O)cc2C(=O)N1C1CC2=CC(=O)CCC2(C)C2CCC3(C)C(CCC34CCC(=O)O4)C12
408,CC(C)(C)C(=O)c1cccc(Cl)c1
409,CC(C)(C)C(=O)c1ccc(Br)cc1
410,CN1CCC(c2cccc([N+](=O)[O-])c2)(c2ccc3cc(C4(C5=CC6CCC(C5)C6)C(=O)NC(=O)NC4=O)ccc3c2)CC1
411,CN1CCCCC1OC1=CC(=O)CC(C)(C)C1
412,CC1(C)OC2CC3C4CCC5=CC(=O)C=CC5(C)C4(F)C(O)CC3(C)C2(c2cnc3cncnc3n2)O1
413,Cc1ccc(-n2c([N+](=O)[O-])cnc2C)c(O)c1
414,Cc1ccc(C2CCCCN2C)c(O)c1
415,C=C(C)C1Cc2c(ccc3c2OC2COc4cc(-c5c([N+](=O)[O-])cc(-c6c(Cl)ccc(Cl)c6C6CCCCN6)cc5[N+](=O)[O-])c(CCN)cc4C2C3=O)O1
416,CC1CC(C)C(=O)C(c2c(Cl)cccc2Cl)C1
417,Cc1ccc(C(CO)C(=O)O)c(O)c1
418,CC(CC=C1c2ccccc2COc2ccccc21)CCCC(C)(C)Oc1ccc(Cl)c(Cl)c1
419,CN(C)c1c(Cl)cccc1Cl
420,Cc1ccc(C2CC3CC2C2CCCC32)c(O)c1
421,CC(C)(C)C(=O)c1cc(S(N)(=O)=O)c(Cl)cc1O
422,Cc1nnc(C23OC(C)(C)OC2CC2C4CCC5=CC(=O)C=CC5(C)C4(F)C(O)CC23C)s1
423,Cc1ccc(-n2oc(=O)n(C)c2=O)c(O)c1
424,CN1CCC(c2cccnc2)(c2ccc3cc(C4(C5=CC6CCC(C5)C6)C(=O)NC(=O)NC4=O)ccc3c2)CC1
425,CC(C)(C)C(=O)c1ccccc1[N+](=O)[O-]
426,CC1(C)OC2CC3C4CCC5=CC(=O)C=CC5(C)C4(F)C(O)CC3(C)C2(C2CC(=O)c3c(O)cc(O)cc3O2)O1
427,CC(CC=C1c2ccccc2COc2ccccc21)CCCC(C)(C)Oc1cnccn1
428,Cc1cccc(O)c1C1(c2ccc3cc(C4(C5=CC6CCC(C5)C6)C(=O)NC(=O)NC4=O)ccc3c2)CCN(C)CC1
429,CN1CCCCC1CCN
430,CC12CCC(=O)C=C1CC(c1ccc(N)cc1)C1C2CCC2(C)C1CCC21CCC(=O)O1
431,C=C(C)C1Cc2c(ccc3c2OC2COc4cc(-c5c([N+](=O)[O-])cc(-c6c(Cl)ccc(Cl)c6NC=O)cc5[N+](=O)[O-])c(CCN)cc4C2C3=O)O1
432,Cc1ccc(C(C)C(=O)O)c(O)c1
433,Cc1nnc(-c2c(Cl)cccc2Cl)s1
434,Cc1ccc(C2(O)CCC3C4CCC5=CC(=O)CCC5(C)C4(F)C(O)CC32C)c(O)c1
435,CC(C)C1CCCCN1C
436,COc1ncc(C)cn1
437,CC1(C)OC2CC3C4CCC5=CC(=O)C=CC5(C)C4(F)C(O)CC3(C)C2(N2CCCCC2)O1
438,Cc1ccc(C2C(=O)c3ccccc3C2=O)c(O)c1
439,C=CCS(=O)SC(C)(C)CCCC(C)CC=C1c2ccccc2COc2ccccc21
440,CC(C)(C)C(=O)C1CO1
441,C=C(C)C1Cc2c(ccc3c2OC2COc4cc(-c5c([N+](=O)[O-])cc(-c6c(Cl)ccc(Cl)c6C6(C)CCC7C8C=C(C)C9=CC(=O)CCC9(C)C8CCC76C)cc5[N+](=O)[O-])c(CCN)cc4C2C3=O)O1
442,CN1CCC(c2ccc3cc(C4(C5=CC6CCC(C5)C6)C(=O)NC(=O)NC4=O)ccc3c2)(C2OCCO2)CC1
443,CNC(=NC#N)NC1CC2=CC(=O)CCC2(C)C2CCC3(C)C(CCC34CCC(=O)O4)C12
444,CN1CCC(c2ccc(O)cc2)(c2ccc3cc(C4(C5=CC6CCC(C5)C6)C(=O)NC(=O)NC4=O)ccc3c2)CC1
445,CC(=O)SC(C)(C)CCCC(C)CC=C1c2ccccc2COc2ccccc21
446,CC(CC=C1c2ccccc2COc2ccccc21)CCCC(C)(C)NC=O
447,Cc1cnc(-c2ccc3c(c2)OCO3)nc1
448,CC(CC=C1c2ccccc2COc2ccccc21)CCCC(C)(C)Oc1cnc2cncnc2n1
449,C=C(C)C1Cc2c(ccc3c2OC2COc4cc(-c5c([N+](=O)[O-])cc(-c6c(Cl)ccc(Cl)c6C6CC7=CC(=O)CCC7(C)C7CCC8(C)C(CCC89CCC(=O)O9)C67)cc5[N+](=O)[O-])c(CCN)cc4C2C3=O)O1
450,CC(C)(C)C(=O)c1c(O)c(Cl)c(Cl)c(Cl)c1Cl
451,CC1(C)C(C=C(Cl)Cl)C1c1c(Cl)cccc1Cl
452,CC1(C)CC(=O)C=C(OC2CC3=CC(=O)CCC3(C)C3CCC4(C)C(CCC45CCC(=O)O5)C23)C1
453,C=COC(C)(C)CCCC(C)CC=C1c2ccccc2COc2ccccc21
454,Cc1cnc(NCN2CCCC2)nc1
455,CC(CC=C1c2ccccc2COc2ccccc21)CCCC(C)(C)Oc1cccnc1
456,Cc1ccc(C2CCCN(C)C2)c(O)c1
457,CC1(C)OC2CC3C4CCC5=CC(=O)C=CC5(C)C4(F)C(O)CC3(C)C2(C2CO2)O1
458,Cc1cnc(-c2cc(C)on2)nc1
459,C=C(C)C1Cc2c(ccc3c2OC2COc4cc(-c5c([N+](=O)[O-])cc(-c6c(Cl)ccc(Cl)c6C6CO6)cc5[N+](=O)[O-])c(CCN)cc4C2C3=O)O1
460,Cc1ccc(C2(c3ccc4cc(C5(C6=CC7CCC(C6)C7)C(=O)NC(=O)NC5=O)ccc4c3)CCN(C)CC2)c(O)c1
461,CC(CC=C1c2ccccc2COc2ccccc21)CCCC(C)(C)NC(=N)N
462,C=C(C)C1Cc2c(ccc3c2OC2COc4cc(-c5c([N+](=O)[O-])cc(-c6c(Cl)ccc(Cl)c6C6(O)CCC7C8CCC9=CC(=O)CCC9(C)C8CCC76C)cc5[N+](=O)[O-])c(CCN)cc4C2C3=O)O1
463,Cc1ccnc(OC(C)(C)CCCC(C)CC=C2c3ccccc3COc3ccccc32)n1
464,CN1CCC(c2ccc3cc(C4(C5=CC6CCC(C5)C6)C(=O)NC(=O)NC4=O)ccc3c2)(c2cc([N+](=O)[O-])cc([N+](=O)[O-])c2O)CC1
465,Cc1cccc(C2CCCCN2C)c1C
466,Cc1cnc(C23OC(C)(C)OC2CC2C4CCC5=CC(=O)C=CC5(C)C4(F)C(O)CC23C)nc1
467,Cc1cnc(N2c3ccccc3Sc3ccccc32)nc1
468,Cc1ccc(CC(=O)O)c(O)c1
469,CC12CCC(=O)C=C1CC(C1CC(=O)c3c(O)cc(O)cc3O1)C1C2CCC2(C)C1CCC21CCC(=O)O1
470,CC1OC(C2(c3ccc4cc(C5(C6=CC7CCC(C6)C7)C(=O)NC(=O)NC5=O)ccc4c3)CCN(C)CC2)C(O)C(N)C1O
471,CN1CCCCC1ON=C1C(Cl)C2CC(C#N)C1C2
472,CN1CCC(c2ccc(N)cc2)(c2ccc3cc(C4(C5=CC6CCC(C5)C6)C(=O)NC(=O)NC4=O)ccc3c2)CC1
473,CN1CCCCC1c1ccc(S(N)(=O)=O)cc1
474,NS(=O)(=O)c1nnc(-c2c(Cl)cccc2Cl)s1
475,CSC1CC2=CC(=O)CCC2(C)C2CCC3(C)C(CCC34CCC(=O)O4)C12
476,CC(CC=C1c2ccccc2COc2ccccc21)CCCC(C)(C)N1CCNCC1
477,CNc1ncc(C)cn1
478,CN1CCC(c2ccc3cc(C4(C5=CC6CCC(C5)C6)C(=O)NC(=O)NC4=O)ccc3c2)(c2ccccc2I)CC1
479,Cc1ccc(C2CCC3C4CCC5CC(O)CCC5(C)C4CC(O)C23C)c(O)c1
480,CC12CCC(=O)C=C1CC(c1cc(I)c(O)c(I)c1)C1C2CCC2(C)C1CCC21CCC(=O)O1
481,CC(C)(C)C(=O)c1ccc(Cl)cc1
482,CC1(C)OC2CC3C4CCC5=CC(=O)C=CC5(C)C4(F)C(O)CC3(C)C2(N2c3ccccc3Sc3ccc(Cl)cc32)O1
483,CN(C)C12OC(C)(C)OC1CC1C3CCC4=CC(=O)C=CC4(C)C3(F)C(O)CC12C
484,CC1Nc2cc(Cl)c(S(N)(=O)=O)cc2C(=O)N1C1CCCCN1C
485,C=C(C)C1Cc2c(ccc3c2OC2COc4cc(-c5c([N+](=O)[O-])cc(-c6c(Cl)ccc(Cl)c6-c6ncccn6)cc5[N+](=O)[O-])c(CCN)cc4C2C3=O)O1
486,Cc1cccc(C2(c3ccc4cc(C5(C6=CC7CCC(C6)C7)C(=O)NC(=O)NC5=O)ccc4c3)CCN(C)CC2)c1
487,Cc1cnc(-n2c([N+](=O)[O-])cnc2C)nc1
488,C=C(C)C1Cc2c(ccc3c2OC2COc4cc(-c5c([N+](=O)[O-])cc(-c6c(Cl)ccc(Cl)c6-c6cnccn6)cc5[N+](=O)[O-])c(CCN)cc4C2C3=O)O1
489,C=C(C)C1Cc2c(ccc3c2OC2COc4cc(-c5c([N+](=O)[O-])cc(-c6c(Cl)ccc(Cl)c6NCN6CCCC6)cc5[N+](=O)[O-])c(CCN)cc4C2C3=O)O1
490,CC(=O)SC1CC2=CC(=O)CCC2(C)C2CCC3(C)C(CCC34CCC(=O)O4)C12
491,Cc1ccc(C(=O)C(C)(C)C)c(O)c1
492,Clc1cccc(Cl)c1C1CC1
493,CN1CCCCC1N1CCNC1=O
494,CC(CC=C1c2ccccc2COc2ccccc21)CCCC(C)(C)Oc1c(Cl)cc(Cl)cc1Cl
495,Cc1ccc(C2(O)CCC3C4CCC5=CC(=O)CCC5(C)C4CCC32C)c(O)c1
496,CC(CC=C1c2ccccc2COc2ccccc21)CCCC(C)(C)OC=O
497,CN1CCC(c2ccc3cc(C4(C5=CC6CCC(C5)C6)C(=O)NC(=O)NC4=O)ccc3c2)(c2ccnc3ccccc23)CC1
498,C=COc1ncc(C)cn1
499,Cc1cnc(-c2c(Cl)cccc2Cl)nc1
500,Nc1cnn(-c2c(Cl)cccc2Cl)c(=O)c1Br
501,Cc1ccc(C2(O)CCC3C4CCC5=CC(=O)CCC5(C)C4C(O)CC32C)c(O)c1
502,C=C(C)C1Cc2c(ccc3c2OC2COc4cc(-c5c([N+](=O)[O-])cc(-c6c(Cl)ccc(Cl)c6C67OC(C)(C)OC6CC6C8CCC9=CC(=O)C=CC9(C)C8(F)C(O)CC67C)cc5[N+](=O)[O-])c(CCN)cc4C2C3=O)O1
503,CN1CCCCC1c1ccc(N)c(Cl)c1
504,CC(CC=C1c2ccccc2COc2ccccc21)CCCC(C)(C)Oc1ccsc1
505,CN1CCCCC1c1ccc(Cl)cc1O
506,Cc1cnc(-c2nc(C)cc(C)n2)nc1
507,OC1CCN(c2c(Cl)cccc2Cl)CC1
508,CC(CC=C1c2ccccc2COc2ccccc21)CCCC(C)(C)Oc1ncc([N+](=O)[O-])s1
509,Cc1ccc(C2CCC3C4CC=C5CC(O)CCC5(C)C4CCC23C)c(O)c1
510,Cc1c(N)c(=O)n(C2CC3=CC(=O)CCC3(C)C3CCC4(C)C(CCC45CCC(=O)O5)C23)n1C
511,O=CNc1c(Cl)cccc1Cl
512,CN1CCCCC1c1ccc2c(c1)OCO2
513,C=C(C)C1Cc2c(ccc3c2OC2COc4cc(-c5c([N+](=O)[O-])cc(-c6c(Cl)ccc(Cl)c6C6C(=O)c7ccccc7C6=O)cc5[N+](=O)[O-])c(CCN)cc4C2C3=O)O1
514,CN1CCC(c2ccc3cc(C4(C5=CC6CCC(C5)C6)C(=O)NC(=O)NC4=O)ccc3c2)(c2cccc3ccccc23)CC1
515,Cc1occc1C1(c2ccc3cc(C4(C5=CC6CCC(C5)C6)C(=O)NC(=O)NC4=O)ccc3c2)CCN(C)CC1
516,C=C(C)C1Cc2c(ccc3c2OC2COc4cc(-c5c([N+](=O)[O-])cc(-c6c(Cl)ccc(Cl)c6C6CCCCN6C)cc5[N+](=O)[O-])c(CCN)cc4C2C3=O)O1
517,CC(C)(C)C(=O)c1cncnc1
518,C=C(C)C1Cc2c(ccc3c2OC2COc4cc(-c5c([N+](=O)[O-])cc(-c6c(Cl)ccc(Cl)c6NC(=NC#N)NC)cc5[N+](=O)[O-])c(CCN)cc4C2C3=O)O1
519,Cc1cc(-c2c(Cl)cccc2Cl)no1
520,Cc1[nH]c(=O)n(C23OC(C)(C)OC2CC2C4CCC5=CC(=O)C=CC5(C)C4(F)C(O)CC23C)c(=O)c1Cl
521,CC1(C)OC2CC3C4CCC5=CC(=O)C=CC5(C)C4(F)C(O)CC3(C)C2(c2nnc(S(N)(=O)=O)s2)O1
522,Clc1cccc(Cl)c1-c1cnc2cncnc2n1
523,CC12CCC(=O)C=C1CC(N1CCNC1=O)C1C2CCC2(C)C1CCC21CCC(=O)O1
524,CC(CC=C1c2ccccc2COc2ccccc21)CCCC(C)(C)Oc1c[nH]c2ccccc12
525,C=C1CC23CC1(O)CCC2C12C=CC(O)C(C)(C(=O)O1)C2C3c1ccc(C)cc1O
526,CC1(C)OC2CC3C4CCC5=CC(=O)C=CC5(C)C4(F)C(O)CC3(C)C2(N2c3ccccc3Sc3ccccc32)O1
527,Cc1cccc(C)c1C1CC2=CC(=O)CCC2(C)C2CCC3(C)C(CCC34CCC(=O)O4)C12
528,Clc1cccc(Cl)c1C1CCCCCCC1
529,C=C(C)C1Cc2c(ccc3c2OC2COc4cc(-c5c([N+](=O)[O-])cc(-c6c(Cl)ccc(Cl)c6NC(=N)N)cc5[N+](=O)[O-])c(CCN)cc4C2C3=O)O1
530,CC(C)(C)C(=O)c1c(Cl)c(Cl)c(Cl)c(Cl)c1Cl
531,Cc1cnc(-c2ccccn2)nc1
532,CN1CCC(c2ccc3cc(C4(C5=CC6CCC(C5)C6)C(=O)NC(=O)NC4=O)ccc3c2)(C2CCCCN2C)CC1
533,C=C(C)C1Cc2c(ccc3c2OC2COc4cc(-c5c([N+](=O)[O-])cc(-c6c(Cl)ccc(Cl)c6N6CCNC6=O)cc5[N+](=O)[O-])c(CCN)cc4C2C3=O)O1
534,CC(C)(C)C(=O)c1ccccc1
535,CC12CCC(=O)C=C1CC(c1cncnc1)C1C2CCC2(C)C1CCC21CCC(=O)O1
536,CC(CC=C1c2ccccc2COc2ccccc21)CCCC(C)(C)Oc1ccccn1
537,CN1CCC(c2ccc3cc(C4(C5=CC6CCC(C5)C6)C(=O)NC(=O)NC4=O)ccc3c2)(c2ccc3c(c2O)C24CCN(C)C2(C=CC(=O)C4)CC3)CC1
538,C=COC1CC2=CC(=O)CCC2(C)C2CCC3(C)C(CCC34CCC(=O)O4)C12
539,CN1CCC(c2ccc3cc(C4(C5=CC6CCC(C5)C6)C(=O)NC(=O)NC4=O)ccc3c2)(c2cc(Cl)ccc2Cl)CC1
540,Cc1cc(O)ccc1C1(c2ccc3cc(C4(C5=CC6CCC(C5)C6)C(=O)NC(=O)NC4=O)ccc3c2)CCN(C)CC1
541,Cc1cnc(-c2cncnc2)nc1
542,CC12CCC(=O)C=C1CC(c1cccnc1)C1C2CCC2(C)C1CCC21CCC(=O)O1
543,COP(=S)(OC)OC1CCCCN1C
544,CN1CCC(c2ccc3cc(C4(C5=CC6CCC(C5)C6)C(=O)NC(=O)NC4=O)ccc3c2)(C2CCCCN2)CC1
545,Cc1ccc(CCN)c(O)c1
546,CN1CCCCC1c1cc(Cl)c(Br)cc1Cl
547,CC(CC=C1c2ccccc2COc2ccccc21)CCCC(C)(C)Oc1c(Cl)cc(Cl)c(Cl)c1Cl
548,CC(C)(C)C(=O)c1ccccc1Cl
549,CN1CCCCC1C(Cl)(Cl)Cl
550,CN1CCCCC1SN1C(=O)C2CC=CCC2C1=O
551,CN1CCCCC1c1ccsc1
552,CN1CCCCC1c1ccncc1
553,CC12CCC(=O)C=C1CC(C1CO1)C1C2CCC2(C)C1CCC21CCC(=O)O1
554,CN1CCC(c2ccc3cc(C4(C5=CC6CCC(C5)C6)C(=O)NC(=O)NC4=O)ccc3c2)(c2c(O)c(Cl)c(Cl)c(Cl)c2Cl)CC1
555,Cc1cc(C2CCCCN2C)ccc1[N+](=O)[O-]
556,C=C(C)C1Cc2c(ccc3c2OC2COc4cc(-c5c([N+](=O)[O-])cc(-c6c(Cl)ccc(Cl)c6C6(O)OCC(O)C(O)C6O)cc5[N+](=O)[O-])c(CCN)cc4C2C3=O)O1
557,C=C(C)C1Cc2c(ccc3c2OC2COc4cc(-c5c([N+](=O)[O-])cc(-c6c(Cl)ccc(Cl)c6C6C(O)=C(C(N)=O)C(=O)C7(O)C(O)=C8C(=O)c9c(O)cccc9C(C)(O)C8CC67)cc5[N+](=O)[O-])c(CCN)cc4C2C3=O)O1
558,CC(C)(C)C(=O)c1ccc(Cl)c(Cl)c1
559,CC(CC=C1c2ccccc2COc2ccccc21)CCCC(C)(C)Oc1nc2ccccc2c(=O)o1
560,CC12CCC(=O)C=C1CC(c1ccc3c(c1)OCO3)C1C2CCC2(C)C1CCC21CCC(=O)O1
561,CC(C)(C)C(=O)c1ccc2cc3ccccc3cc2c1
562,Cc1ccc(C2(O)CCC3C4CCC5=CC(=O)C=CC5(C)C4C(O)CC32C)c(O)c1
563,Cc1ccc(C2CCC3(C)C(=CCC4C5CCC(=O)C5(C)CCC43)C2)c(O)c1
564,CN1CCN(c2c(Cl)cccc2Cl)CC1
565,Cc1ccc(C(Cl)(Cl)Cl)c(O)c1
566,C=C(C)C1Cc2c(ccc3c2OC2COc4cc(-c5c([N+](=O)[O-])cc(-c6c(Cl)ccc(Cl)c6C6(O)CCC7C8CCC9=CC(=O)CCC9(C)C8C(=O)CC76C)cc5[N+](=O)[O-])c(CCN)cc4C2C3=O)O1
567,Cc1ccc(C2CCC3C4C(O)CC5CC(O)CCC5(C)C4CC(O)C23C)c(O)c1
568,CC1(C)OC2CC3C4CCC5=CC(=O)C=CC5(C)C4(F)C(O)CC3(C)C2(c2ncc([N+](=O)[O-])s2)O1
569,CC12CCC(=O)C=C1CC(n1cnc3c(O)ncnc31)C1C2CCC2(C)C1CCC21CCC(=O)O1
570,CC(C)(C)C(=O)c1cc(Cl)ccc1Cl
571,Cc1cnc(-n2ccnc2[N+](=O)[O-])nc1
572,Cc1cnc(-n2c(=O)[nH]c(C)c(Cl)c2=O)nc1
573,C=CCS(=O)SC1CCCCN1C
574,CN1CCC(c2cncnc2)(c2ccc3cc(C4(C5=CC6CCC(C5)C6)C(=O)NC(=O)NC4=O)ccc3c2)CC1
575,C=C(C)C1Cc2c(ccc3c2OC2COc4cc(-c5c([N+](=O)[O-])cc(-c6c(Cl)ccc(Cl)c6-c6nccc(C)n6)cc5[N+](=O)[O-])c(CCN)cc4C2C3=O)O1
576,C=C(C)C1Cc2c(ccc3c2OC2COc4cc(-c5c([N+](=O)[O-])cc(-c6c(Cl)ccc(Cl)c6C6NC(=O)c7cc(S(N)(=O)=O)c(Cl)cc7N6)cc5[N+](=O)[O-])c(CCN)cc4C2C3=O)O1
577,Cc1ccc(C2(O)C(O)CC3C4CCC5=CC(=O)C=CC5(C)C4(F)C(O)CC32C)c(O)c1
578,CC12CCC(=O)C=C1CC(c1ccc(C=O)cc1)C1C2CCC2(C)C1CCC21CCC(=O)O1
579,C=C(C)C1Cc2c(ccc3c2OC2COc4cc(-c5c([N+](=O)[O-])cc(-c6c(Cl)ccc(Cl)c6N6C(=O)c7ccccc7NS6(=O)=O)cc5[N+](=O)[O-])c(CCN)cc4C2C3=O)O1
580,C=C(C)C1Cc2c(ccc3c2OC2COc4cc(-c5c([N+](=O)[O-])cc(-c6c(Cl)ccc(Cl)c6N6CCCCC6)cc5[N+](=O)[O-])c(CCN)cc4C2C3=O)O1
581,Cc1ccc(CC(O)C(O)C(O)CO)c(O)c1
582,CC(C)(C)C(=O)C1Nc2cc(Cl)c(S(N)(=O)=O)cc2S(=O)(=O)N1
583,CC(=O)SC12OC(C)(C)OC1CC1C3CCC4=CC(=O)C=CC4(C)C3(F)C(O)CC12C
584,Cc1cnc(-c2nnc(S(N)(=O)=O)s2)nc1
585,Cc1ccc(CO)c(O)c1
586,CC(CC=C1c2ccccc2COc2ccccc21)CCCC(C)(C)Oc1cc(=O)[nH]c(=S)[nH]1
587,CN1CCCCC1C(=O)C(C)(C)C
588,C=C(C)C1Cc2c(ccc3c2OC2COc4cc(-c5c([N+](=O)[O-])cc(-c6c(Cl)ccc(Cl)c6C6CC7C8OC8C(C6)N7C)cc5[N+](=O)[O-])c(CCN)cc4C2C3=O)O1
589,Cc1cnc(SN2C(=O)C3CC=CCC3C2=O)nc1
590,CC1(C)OC2CC3C4CCC5=CC(=O)C=CC5(C)C4(F)C(O)CC3(C)C2(NCN2CCCC2)O1
591,Cc1cccc(C(=O)C(C)(C)C)c1
592,CN1CCCCC1c1cc(Cl)ccc1O
593,O=c1oc(-c2c(Cl)cccc2Cl)nc2ccccc12
594,CC1c2cccc(O)c2C(=O)C2=C(O)C3(O)C(=O)C(C(N)=O)=C(O)C(c4c(Cl)cccc4Cl)C3C(O)C21
595,CC12CCC(=O)C=C1CC(NC=O)C1C2CCC2(C)C1CCC21CCC(=O)O1
596,CC1(C)OC2CC3C4CCC5=CC(=O)C=CC5(C)C4(F)C(O)CC3(C)C2(CCO)O1
597,Cc1cccc(C(=O)C(C)(C)C)c1C
598,Cc1ccc(CCC(=O)O)c(O)c1
599,Cc1ccc(C2(O)CCC3C4CCC5=CC(=O)CCC5(C)C4C(=O)CC32C)c(O)c1
600,Cc1ccc(C2CC3CCC(C2)N3C)c(O)c1
601,CC1(C)OC2CC3C4CCC5=CC(=O)C=CC5(C)C4(F)C(O)CC3(C)C2(C2OCCO2)O1
602,CC1(C)OC2CC3C4CCC5=CC(=O)C=CC5(C)C4(F)C(O)CC3(C)C2(n2ccc3c(N)ncnc32)O1
603,CN1CCC(c2ccc3cc(C4(C5=CC6CCC(C5)C6)C(=O)NC(=O)NC4=O)ccc3c2)(c2ccc3nc(S(N)(=O)=O)sc3c2)CC1
604,Cc1cnc(ON=C2C(Cl)C3CC(C#N)C2C3)nc1
605,CN1CCC(c2ccc3cc(C4(C5=CC6CCC(C5)C6)C(=O)NC(=O)NC4=O)ccc3c2)(c2ccccc2F)CC1
606,CN1CCC(c2ccc3cc(C4(C5=CC6CCC(C5)C6)C(=O)NC(=O)NC4=O)ccc3c2)(c2cc(I)cc(I)c2O)CC1
607,Cc1ccc(CN)c(O)c1
608,Cc1cnc(-c2nc[nH]c2C)nc1
609,Cc1nnc(OC(C)(C)CCCC(C)CC=C2c3ccccc3COc3ccccc32)s1
610,CC(CC=C1c2ccccc2COc2ccccc21)CCCC(C)(C)Oc1c[nH]cn1
611,CC(CC=C1c2ccccc2COc2ccccc21)CCCC(C)(C)N1CCN(C)CC1
612,CC(C)=C1c2ccccc2COc2ccccc21
613,CN1CCC(c2ccc3cc(C4(C5=CC6CCC(C5)C6)C(=O)NC(=O)NC4=O)ccc3c2)(c2cc(O)c3c(=O)c4cc(O)ccc4oc3c2)CC1
614,CC(CC=C1c2ccccc2COc2ccccc21)CCCC(C)(C)N(C)C
615,CC1Nc2cc(Cl)c(S(N)(=O)=O)cc2C(=O)N1c1c(Cl)cccc1Cl
616,CN1CCC(c2ccc3cc(C4(C5=CC6CCC(C5)C6)C(=O)NC(=O)NC4=O)ccc3c2)(C2(O)OCC(O)C(O)C2O)CC1
617,O=c1c(O)c(-c2c(Cl)cccc2Cl)oc2cc(O)cc(O)c12
618,CCC1CCCCN1C
619,CC(CC=C1c2ccccc2COc2ccccc21)CCCC(C)(C)N1CCCCC1
620,Cc1cnc(OC2=CC(=O)CC(C)(C)C2)nc1
621,CN1CCC(c2ccc3cc(C4(C5=CC6CCC(C5)C6)C(=O)NC(=O)NC4=O)ccc3c2)(c2cnc(N)nc2N)CC1
622,CC1(C)OC2CC3C4CCC5=CC(=O)C=CC5(C)C4(F)C(O)CC3(C)C2(N2c3ccccc3Sc3ccc(C#N)cc32)O1
623,CC12CCC(=O)C=C1CC(C1Nc3cc(Cl)c(S(N)(=O)=O)cc3S(=O)(=O)N1)C1C2CCC2(C)C1CCC21CCC(=O)O1
624,CC12CCC(=O)C=C1CC(c1c(Cl)cc(Cl)cc1Cl)C1C2CCC2(C)C1CCC21CCC(=O)O1
625,CC(CC=C1c2ccccc2COc2ccccc21)CCCC(C)(C)Oc1cccs1
626,CC(CC=C1c2ccccc2COc2ccccc21)CCCC(C)(C)Oc1ncnc2nccnc12
627,Cc1ccc(C2(c3ccc4cc(C5(C6=CC7CCC(C6)C7)C(=O)NC(=O)NC5=O)ccc4c3)CCN(C)CC2)cc1O
628,CN1CCC(c2ccc3cc(C4(C5=CC6CCC(C5)C6)C(=O)NC(=O)NC4=O)ccc3c2)(c2c(Cl)cc(Cl)c(Cl)c2Cl)CC1
629,Cc1ccc(C2CCCCC2)c(O)c1
630,CS(=O)c1ccc(C(=O)C(C)(C)C)cc1
631,CCCCCCC1CCCCN1C
632,CN1CCCCC1CN
633,CC(C)(C)C(=O)c1ccsc1
634,CC12CCC(O)CC1C(O)CC1C2CC(O)C2(C)C(c3c(Cl)cccc3Cl)CCC12
635,CN1CCC(c2ccc3cc(C4(C5=CC6CCC(C5)C6)C(=O)NC(=O)NC4=O)ccc3c2)(C2NC(=O)NC2=O)CC1
636,O=c1cc(-c2c(Cl)cccc2Cl)[nH]c(=O)[nH]1
637,CC1CCC(c2c(Cl)cccc2Cl)C(=O)C1
638,CC12CCC(=O)C=C1CC(c1ccc(Cl)c(Cl)c1)C1C2CCC2(C)C1CCC21CCC(=O)O1
639,Cc1cnc(-c2nc(Cl)c(Cl)cc2Cl)nc1
640,Cc1cc(S(=O)(=O)c2ccccc2)ccc1C1(c2ccc3cc(C4(C5=CC6CCC(C5)C6)C(=O)NC(=O)NC4=O)ccc3c2)CCN(C)CC1
641,Cc1[nH]cnc1C12OC(C)(C)OC1CC1C3CCC4=CC(=O)C=CC4(C)C3(F)C(O)CC12C
642,Cc1ccc(CC(N)C(=O)O)c(O)c1
643,CC12CCC(=O)C=C1CC(n1ccnc1[N+](=O)[O-])C1C2CCC2(C)C1CCC21CCC(=O)O1
644,CN1CCC(c2ccc([N+](=O)[O-])cc2)(c2ccc3cc(C4(C5=CC6CCC(C5)C6)C(=O)NC(=O)NC4=O)ccc3c2)CC1
645,CC(C)(C)C(=O)C1CC(=O)c2c(O)cc(O)cc2O1
646,CN1C2CC(c3c(Cl)cccc3Cl)CC1C1OC12
647,Cc1ccc(-n2c(=O)sc3cccc(Cl)c32)c(O)c1
648,Clc1cccc(Cl)c1C1CC2CC1C1CCCC21
649,CN1CCCCC1C(C)(C)C
650,Cc1ccnc(C23OC(C)(C)OC2CC2C4CCC5=CC(=O)C=CC5(C)C4(F)C(O)CC23C)n1
651,CN1CCC(c2ccc3cc(C4(C5=CC6CCC(C5)C6)C(=O)NC(=O)NC4=O)ccc3c2)(C2NC(=O)c3cc(S(N)(=O)=O)c(Cl)cc3N2)CC1
652,CCCCCc1ccc(C)cc1O
653,Cc1ccc(C2C(O)=C(C(N)=O)C(=O)C3(O)C(O)=C4C(=O)c5c(O)cccc5C(C)(O)C4C(O)C23)c(O)c1
654,CN1CCCCC1c1ccc2ccccc2c1
655,CCC(C)C12OC(C)(C)OC1CC1C3CCC4=CC(=O)C=CC4(C)C3(F)C(O)CC12C
656,CN1CCCCC1OS(C)(=O)=O
657,CCCCCCC12OC(C)(C)OC1CC1C3CCC4=CC(=O)C=CC4(C)C3(F)C(O)CC12C
658,CC1(C)OC2CC3C4CCC5=CC(=O)C=CC5(C)C4(F)C(O)CC3(C)C2(C(Cl)Cl)O1
659,CC1(C)OC2CC3C4CCC5=CC(=O)C=CC5(C)C4(F)C(O)CC3(C)C2(C2CC3=CC(=O)CCC3(C)C3CCC4(C)C(CCC45CCC(=O)O5)C32)O1
660,CN1CCC(c2ccc3cc(C4(C5=CC6CCC(C5)C6)C(=O)NC(=O)NC4=O)ccc3c2)(c2c(Cl)c(Cl)c(Cl)c(Cl)c2Cl)CC1
661,C=C(C)C1Cc2c(ccc3c2OC2COc4cc(-c5c([N+](=O)[O-])cc(-c6c(Cl)ccc(Cl)c6-c6ccco6)cc5[N+](=O)[O-])c(CCN)cc4C2C3=O)O1
662,CC(CC=C1c2ccccc2COc2ccccc21)CCCC(C)(C)OS(=O)(=O)N(C)C
663,CC(=O)Cc1ccc(C)cc1O
664,Cc1ccc(C2C(O)=C(C(N)=O)C(=O)C3(O)C(O)=C4C(=O)c5c(O)ccc(Cl)c5C(O)C4CC23)c(O)c1
665,CN1CCC23c4c5ccc(C(=O)C(C)(C)C)c4OC2C(O)C=CC3C1C5
666,Clc1cccc(Cl)c1NCN1CCCC1
667,CC12CCC(=O)C=C1CC(c1ccccc1)C1C2CCC2(C)C1CCC21CCC(=O)O1
668,CN1CCC(c2ccc3cc(C4(C5=CC6CCC(C5)C6)C(=O)NC(=O)NC4=O)ccc3c2)(c2ccccc2N)CC1
669,CN1CCCCC1CO
670,CC(CC=C1c2ccccc2COc2ccccc21)CCCC(C)(C)Oc1ccc2cc3ccccc3cc2c1
671,Cc1ccc(CC(C)C)c(O)c1
672,C=C(C)C1Cc2c(ccc3c2OC2COc4cc(-c5c([N+](=O)[O-])cc(-c6c(Cl)ccc(Cl)c6C6C(O)=C(C(N)=O)C(=O)C7(O)C(O)=C8C(=O)c9c(O)ccc(Cl)c9C(O)C8CC67)cc5[N+](=O)[O-])c(CCN)cc4C2C3=O)O1
673,Cc1ccc(C2CCC3C4CCC5=CC(=O)CCC5(C)C4C4CC23C(O)O4)c(O)c1
674,CC(C)(C)C(=O)c1cc(Cl)c(Cl)c(Cl)c1Cl
675,Cc1ccc(C2(O)CCC3C4CC(C)C5=CC(=O)C=CC5(C)C4C(O)CC32C)c(O)c1
676,CN1CCCCC1N1C(=O)c2ccccc2NS1(=O)=O
677,Cc1cc(C23OC(C)(C)OC2CC2C4CCC5=CC(=O)C=CC5(C)C4(F)C(O)CC23C)no1
678,CN1CCC(c2ccc(I)cc2)(c2ccc3cc(C4(C5=CC6CCC(C5)C6)C(=O)NC(=O)NC4=O)ccc3c2)CC1
679,CCCCc1ccc(C)cc1O
680,C=C(C)C1Cc2c(ccc3c2OC2COc4cc(-c5c([N+](=O)[O-])cc(-c6c(Cl)ccc(Cl)c6C(=O)CCC(=O)O)cc5[N+](=O)[O-])c(CCN)cc4C2C3=O)O1
681,C=C(C)C1Cc2c(ccc3c2OC2COc4cc(-c5c([N+](=O)[O-])cc(-c6c(Cl)ccc(Cl)c6C6CCC7C8C(O)CC9CC(O)CCC9(C)C8CCC67C)cc5[N+](=O)[O-])c(CCN)cc4C2C3=O)O1
682,CC1(C)OC2CC3C4CCC5=CC(=O)C=CC5(C)C4(F)C(O)CC3(C)C2(c2nccs2)O1
683,Cc1noc(C23OC(C)(C)OC2CC2C4CCC5=CC(=O)C=CC5(C)C4(F)C(O)CC23C)c1C
684,CC1(C)OC2CC3C4CCC5=CC(=O)C=CC5(C)C4(F)C(O)CC3(C)C2(N2CCNCC2)O1
685,CC(C)(C)C(=O)c1ccc(C=O)cc1
686,CC12CCC(=O)C=C1CC(N1c3ccccc3Sc3ccc(Cl)cc31)C1C2CCC2(C)C1CCC21CCC(=O)O1
687,C=C(C)C1Cc2c(ccc3c2OC2COc4cc(-c5c([N+](=O)[O-])cc(-c6c(Cl)ccc(Cl)c6C(=O)C(C)(C)C)cc5[N+](=O)[O-])c(CCN)cc4C2C3=O)O1
688,CC(C)(C)C(=O)c1ccc(O)c(O)c1
689,CC1(C)OC2CC3C4CCC5=CC(=O)C=CC5(C)C4(F)C(O)CC3(C)C2(NC=O)O1
690,CC(CC=C1c2ccccc2COc2ccccc21)CCCC(C)(C)ON=C1C(Cl)C2CC(C#N)C1C2
691,O=C1c2ccccc2NS(=O)(=O)N1c1c(Cl)cccc1Cl
692,CN1CCCCC1c1cc(Cl)c(Cl)c(Cl)c1Cl
693,Cc1cnc(C2(O)OCC(O)C(O)C2O)nc1
694,CN1c2ccccc2Sc2ccc(C(=O)C(C)(C)C)cc21
695,Cc1cnc(-c2cnc3cncnc3n2)nc1
696,CC12CCC(=O)C=C1CC(c1c(O)c3ccccc3oc1=O)C1C2CCC2(C)C1CCC21CCC(=O)O1
697,C=C(C)C1Cc2c(ccc3c2OC2COc4cc(-c5c([N+](=O)[O-])cc(-c6c(Cl)ccc(Cl)c6C6OC(C)C(O)C(N)C6O)cc5[N+](=O)[O-])c(CCN)cc4C2C3=O)O1
698,CN1CCC(c2ccc(N)c(Cl)c2)(c2ccc3cc(C4(C5=CC6CCC(C5)C6)C(=O)NC(=O)NC4=O)ccc3c2)CC1
699,CC1(C)OC2CC3C4CCC5=CC(=O)C=CC5(C)C4(F)C(O)CC3(C)C2(c2nc(Cl)c(Cl)cc2Cl)O1
700,Cc1ccc(C2(O)C=CC(=O)C=C2)c(O)c1
701,CN1CCCCC1N1C(=O)c2ccccc2C1=O
702,Cc1ccc(O)cc1C1CCCCN1C
703,CC(CC=C1c2ccccc2COc2ccccc21)CCCC(C)(C)Oc1ccc2ccccc2c1
704,Cc1cnc(-c2cc(=O)[nH]c(=S)[nH]2)nc1
705,CN1CCC(c2ccc3cc(C4(C5=CC6CCC(C5)C6)C(=O)NC(=O)NC4=O)ccc3c2)(c2c(Cl)ccc(Cl)c2Cl)CC1
706,Cc1ccc(OC(C)(C)CCCC(C)CC=C2c3ccccc3COc3ccccc32)c(O)c1
707,Cc1ccc(C2(C3=CCCCCC3)C(=O)NC(=O)NC2=O)c(O)c1
708,Nc1ncnc2c1ccn2-c1c(Cl)cccc1Cl
709,Clc1cccc(Cl)c1C1CCCC1
710,CC(=O)CCC1CCCCN1C
711,CC1(C)OC2CC3C4CCC5=CC(=O)C=CC5(C)C4(F)C(O)CC3(C)C2(c2nc3ccccc3c(=O)o2)O1
712,CC12CCC(=O)C=C1CC(c1cccc(I)c1)C1C2CCC2(C)C1CCC21CCC(=O)O1
713,CN1CCC(c2ccc(S(C)=O)cc2)(c2ccc3cc(C4(C5=CC6CCC(C5)C6)C(=O)NC(=O)NC4=O)ccc3c2)CC1
714,CN1CCCCC1OC=O
715,CC(C)(C)C(=O)c1cccnc1
716,CC12CCC(=O)C=C1CC(C(=O)NN)C1C2CCC2(C)C1CCC21CCC(=O)O1
717,C=C(C)C1Cc2c(ccc3c2OC2COc4cc(-c5c([N+](=O)[O-])cc(-c6c(Cl)ccc(Cl)c6-c6onc(C)c6C)cc5[N+](=O)[O-])c(CCN)cc4C2C3=O)O1
718,CC(C)(C)C(=O)c1ccc(N)cc1
719,Clc1cccc(Cl)c1N1c2ccccc2Sc2ccccc21
720,C=C(C)C1Cc2c(ccc3c2OC2COc4cc(-c5c([N+](=O)[O-])cc(-c6c(Cl)ccc(Cl)c6-c6nc[nH]c6C)cc5[N+](=O)[O-])c(CCN)cc4C2C3=O)O1
721,N#Cc1ccc2c(c1)N(c1c(Cl)cccc1Cl)c1ccccc1S2
722,Cc1cnc(OC(C)(C)CCCC(C)CC=C2c3ccccc3COc3ccccc32)nc1
723,CC12CCC(=O)C=C1CC(n1ncc(N)c(Cl)c1=O)C1C2CCC2(C)C1CCC21CCC(=O)O1
724,COP(=S)(OC)Oc1ncc(C)cn1
725,Cc1cnc(N2c3ccccc3Sc3ccc(Cl)cc32)nc1
726,CC(C)(C)C(=O)c1cc(Cl)c(Br)cc1Cl
727,Cc1cc(C)nc(-c2c(Cl)cccc2Cl)n1
728,COC1CCCCN1C
729,CN1CCCCC1CCCO
730,CN1CCCCC1c1ccc(Cl)c(Cl)c1
731,CC12CCC(=O)C=C1CC(C1OCCO1)C1C2CCC2(C)C1CCC21CCC(=O)O1
732,CN1CCC(c2ccc3cc(C4(C5=CC6CCC(C5)C6)C(=O)NC(=O)NC4=O)ccc3c2)(c2cc(Cl)c(Cl)c(Cl)c2Cl)CC1
733,Cc1ccc(CCC(C)C)c(O)c1
734,CC1(C)OC2CC3C4CCC5=CC(=O)C=CC5(C)C4(F)C(O)CC3(C)C2(c2cc(=O)[nH]c(=S)[nH]2)O1
735,Clc1cccc(Cl)c1-c1ncc2nccnc2n1
736,CN1CCCCC1O[N+](=O)[O-]
737,Cc1ccc(-n2ccnc2[N+](=O)[O-])c(O)c1
738,C=C(C)C1Cc2c(ccc3c2OC2COc4cc(-c5c([N+](=O)[O-])cc(-c6c(Cl)ccc(Cl)c6-c6ncc(C)cn6)cc5[N+](=O)[O-])c(CCN)cc4C2C3=O)O1
739,CN1CCC(c2ccc3cc(C4(C5=CC6CCC(C5)C6)C(=O)NC(=O)NC4=O)ccc3c2)(C2Nc3cc(Cl)c(S(N)(=O)=O)cc3S(=O)(=O)N2)CC1
740,Cc1ccc(C2CC2)c(O)c1
741,Cc1cnc(NC(N)=S)nc1
742,CC12CCC(=O)C=C1CC(n1cncn1)C1C2CCC2(C)C1CCC21CCC(=O)O1
743,CN1CCCCC1c1ccnc2ccccc12
744,Cc1ccc(C2(O)C(C)CC3C4CCC5=CC(=O)C=CC5(C)C4(F)C(O)CC32C)c(O)c1
745,CC(C)(C)C(=O)c1ccc(O)c(I)c1
746,CC(C)(C)C(=O)c1c(O)c2ccccc2oc1=O
747,Cc1cnc(N2CCCCC2)nc1
748,CC(CC=C1c2ccccc2COc2ccccc21)CCCC(C)(C)N1c2ccccc2CCc2ccccc21
749,Cc1cnc(-c2ccco2)nc1
750,CC(C(=O)O)C1CCCCN1C
751,CC12CCC(=O)C=C1CC(c1cccc3ccccc13)C1C2CCC2(C)C1CCC21CCC(=O)O1
752,Cc1cnc(-c2nccs2)nc1
753,Cc1cnc(-c2nnc(C)s2)nc1
754,C=C(C)C1Cc2c(ccc3c2OC2COc4cc(-c5c([N+](=O)[O-])cc(-c6c(Cl)ccc(Cl)c6C6CC(C)CC(C)C6=O)cc5[N+](=O)[O-])c(CCN)cc4C2C3=O)O1
755,CC(C)(C)C(=O)c1cccc(I)c1
756,Cc1cnc(-n2c3nc(=O)[nH]c(=O)c-3nc3cc(C)c(C)cc32)nc1
757,CN1CCC(c2cc(O)c(O)c(O)c2)(c2ccc3cc(C4(C5=CC6CCC(C5)C6)C(=O)NC(=O)NC4=O)ccc3c2)CC1
758,CC12CCC(=O)C=C1CC(n1ncc(N)c(Br)c1=O)C1C2CCC2(C)C1CCC21CCC(=O)O1
759,Cc1ccc(C2CCC3C4CC(O)C5CC(O)CCC5(C)C4CC(O)C23C)c(O)c1
760,Cn1c(=O)on(C23OC(C)(C)OC2CC2C4CCC5=CC(=O)C=CC5(C)C4(F)C(O)CC23C)c1=O
761,C=C(C)C1Cc2c(ccc3c2OC2COc4cc(-c5c([N+](=O)[O-])cc(-c6c(Cl)ccc(Cl)c6C6OCCO6)cc5[N+](=O)[O-])c(CCN)cc4C2C3=O)O1
762,CN(C)S(=O)(=O)OC1CC2=CC(=O)CCC2(C)C2CCC3(C)C(CCC34CCC(=O)O4)C12
763,CCCC(C)c1ccc(C)cc1O
764,Cc1ccc2nc(OC(C)(C)CCCC(C)CC=C3c4ccccc4COc4ccccc43)sc2c1
765,CN1CCCCC1C12OC(C)(C)OC1CC1C3CCC4=CC(=O)C=CC4(C)C3(F)C(O)CC12C
766,C=C(C)C1Cc2c(ccc3c2OC2COc4cc(-c5c([N+](=O)[O-])cc(-c6c(Cl)ccc(Cl)c6N6CCC(O)CC6)cc5[N+](=O)[O-])c(CCN)cc4C2C3=O)O1
767,C=C(C)C1Cc2c(ccc3c2OC2COc4cc(-c5c([N+](=O)[O-])cc(-c6c(Cl)ccc(Cl)c6C6(C)CCCC7(C)C8CCC(C(C)C)=CC8=CCC67)cc5[N+](=O)[O-])c(CCN)cc4C2C3=O)O1
768,CN1CCC(c2ccc(Br)cc2)(c2ccc3cc(C4(C5=CC6CCC(C5)C6)C(=O)NC(=O)NC4=O)ccc3c2)CC1
769,C=C(C)C1Cc2c(ccc3c2OC2COc4cc(-c5c([N+](=O)[O-])cc(-c6c(Cl)ccc(Cl)c6C(=O)CO)cc5[N+](=O)[O-])c(CCN)cc4C2C3=O)O1
770,CN1CCC(c2ccc3cc(C4(C5=CC6CCC(C5)C6)C(=O)NC(=O)NC4=O)ccc3c2)(c2c(F)cccc2F)CC1
771,Cc1cnc(-c2nc(C)c(C)o2)nc1
772,Cc1ccc(C2CCCCCCC2)c(O)c1
773,Nc1cnn(-c2c(Cl)cccc2Cl)c(=O)c1Cl
774,CC1OC(C(=O)C(C)(C)C)C(O)C(N)C1O
775,O=C1CC(c2c(Cl)cccc2Cl)CC(=O)N1
776,CN1CCC(c2ccc3cc(C4(C5=CC6CCC(C5)C6)C(=O)NC(=O)NC4=O)ccc3c2)(c2ccc3cc4ccccc4cc3c2)CC1
777,Cc1ccc(-n2c(=O)c(N)c(C)n2C)c(O)c1
778,CN1CCC(c2ccc(F)cc2)(c2ccc3cc(C4(C5=CC6CCC(C5)C6)C(=O)NC(=O)NC4=O)ccc3c2)CC1
779,Cc1ncc([N+](=O)[O-])n1C1CC2=CC(=O)CCC2(C)C2CCC3(C)C(CCC34CCC(=O)O4)C12
780,CN1CCCCC1c1cc(I)cc(I)c1O
781,CC1(C)OC2CC3C4CCC5=CC(=O)C=CC5(C)C4(F)C(O)CC3(C)C2(SN2C(=O)C3CC=CCC3C2=O)O1
782,CC(CC=C1c2ccccc2COc2ccccc21)CCCC(C)(C)Oc1cccc(I)c1
783,CN1CCN(C2CC3=CC(=O)CCC3(C)C3CCC4(C)C(CCC45CCC(=O)O5)C23)CC1
784,Cc1ccc(C2CC3=CC(=O)CCC3(C)C3CCC4(C)C(CCC45CCC(=O)O5)C23)c(O)c1
785,Cc1[nH]c(=O)n(C2CC3=CC(=O)CCC3(C)C3CCC4(C)C(CCC45CCC(=O)O5)C23)c(=O)c1Cl
786,CC(C)(C)C(=O)c1cccc([N+](=O)[O-])c1
787,CC(CC=C1c2ccccc2COc2ccccc21)CCCC(C)(C)Oc1nnc(S(N)(=O)=O)s1
788,CC(C)(C)C(=O)c1ccc2ccccc2c1
789,Cc1ccc(C2(C3=CCCCC3)C(=O)NC(=O)NC2=O)c(O)c1
790,C=C(C)C1Cc2c(ccc3c2OC2COc4cc(-c5c([N+](=O)[O-])cc(-c6c(Cl)ccc(Cl)c6C6CC(=O)NC(=O)C6)cc5[N+](=O)[O-])c(CCN)cc4C2C3=O)O1
791,CCCC(C)C12OC(C)(C)OC1CC1C3CCC4=CC(=O)C=CC4(C)C3(F)C(O)CC12C
792,CC1(C)OC2CC3C4CCC5=CC(=O)C=CC5(C)C4(F)C(O)CC3(C)C2(n2cncn2)O1
793,Cc1cccc(C)c1C1CCCCN1C
794,CN1CCCCC1c1cc(I)c(O)c(I)c1
795,CC(C)(C)C(=O)c1cc(Cl)c(I)cc1Cl
796,Cc1cccc(O)c1C(=O)C(C)(C)C
797,CC1(C)OC2CC3C4CCC5=CC(=O)C=CC5(C)C4(F)C(O)CC3(C)C2(N2CCC(O)CC2)O1
798,Cc1cnc(-c2nccc(C)n2)nc1
799,CC1(C)OC2CC3C4CCC5=CC(=O)C=CC5(C)C4(F)C(O)CC3(C)C2(C(F)(F)F)O1
800,CNC12OC(C)(C)OC1CC1C3CCC4=CC(=O)C=CC4(C)C3(F)C(O)CC12C
801,CN1CCCCC1c1cccc2ccccc12
802,CC1CC2C3CCC(O)(c4c(Cl)cccc4Cl)C3(C)CC(O)C2(F)C2(C)C=CC(=O)C=C12
803,Cn1c(=O)c2c(ncn2C2CC3=CC(=O)CCC3(C)C3CCC4(C)C(CCC45CCC(=O)O5)C23)n(C)c1=O
804,CC12CCC(=O)C=C1CC(N1c3ccccc3CCc3ccccc31)C1C2CCC2(C)C1CCC21CCC(=O)O1
805,Clc1cccc(-c2c(Cl)cccc2Cl)n1
806,Cc1cnc(N2c3ccccc3CCc3ccccc32)nc1
807,C=C(C)C1Cc2c(ccc3c2OC2COc4cc(-c5c([N+](=O)[O-])cc(-c6c(Cl)ccc(Cl)c6C(C)=O)cc5[N+](=O)[O-])c(CCN)cc4C2C3=O)O1
808,C=C(C)C1Cc2c(ccc3c2OC2COc4cc(-c5c([N+](=O)[O-])cc(-c6c(Cl)ccc(Cl)c6-c6nnc(S(N)(=O)=O)s6)cc5[N+](=O)[O-])c(CCN)cc4C2C3=O)O1
809,Cc1cnc(-c2ncc(C)cn2)nc1
810,Cc1cnc(-c2nc3ccc(C)cc3s2)nc1
811,Clc1cccc(Cl)c1N1CCCCC1
812,COP(=S)(OC)OC(C)(C)CCCC(C)CC=C1c2ccccc2COc2ccccc21
813,CC12CCC(=O)C=C1CC(c1ccc([N+](=O)[O-])cc1)C1C2CCC2(C)C1CCC21CCC(=O)O1
814,CN1CCC(c2ccc3cc(C4(C5=CC6CCC(C5)C6)C(=O)NC(=O)NC4=O)ccc3c2)(c2c(Cl)cccc2Cl)CC1
815,Cc1ccc(-n2cncn2)c(O)c1
816,O=[N+]([O-])c1cnc(-c2c(Cl)cccc2Cl)s1
817,CN1CCCCC1c1cc([N+](=O)[O-])cc([N+](=O)[O-])c1O
818,CN1CCC(c2ccc3cc(C4(C5=CC6CCC(C5)C6)C(=O)NC(=O)NC4=O)ccc3c2)(c2cccc(Cl)c2Cl)CC1
819,N#CCC=C1c2ccccc2COc2ccccc21
820,CC(=O)CC1CCCCN1C
821,CC(C)(C)C(=O)c1c(Cl)ccc(Cl)c1Cl
822,CC(CC=C1c2ccccc2COc2ccccc21)CCCC(C)(C)Oc1ncccn1
823,CC(C)(C)C(=O)C1OCCO1
824,CN1CCCCC1c1c(Cl)cc(Cl)cc1Cl
825,CC(C)(C)C(=O)c1ccc(N)c(Cl)c1
826,CC12CCC(=O)C=C1CC(c1ccc(S(N)(=O)=O)cc1)C1C2CCC2(C)C1CCC21CCC(=O)O1
827,CN1CCC(c2ccc3cc(C4(C5=CC6CCC(C5)C6)C(=O)NC(=O)NC4=O)ccc3c2)(c2cc(O)ccc2O)CC1
828,COC(C)(C)CCCC(C)CC=C1c2ccccc2COc2ccccc21
829,CC1(C)OC2CC3C4CCC5=CC(=O)C=CC5(C)C4(F)C(O)CC3(C)C2(C2NC(=O)NC2=O)O1
830,CC1(C)OC2CC3C4CCC5=CC(=O)C=CC5(C)C4(F)C(O)CC3(C)C2(c2cccc(Cl)n2)O1
831,Cc1ccc(-n2cnc3c2c(=O)n(C)c(=O)n3C)c(O)c1
832,CN1CCC(c2ccc3cc(C4(C5=CC6CCC(C5)C6)C(=O)NC(=O)NC4=O)ccc3c2)(C2CC(=O)c3c(O)cc(O)cc3O2)CC1
833,CC1(C)OC2CC3C4CCC5=CC(=O)C=CC5(C)C4(F)C(O)CC3(C)C2(CC(N)C(=O)O)O1
834,Cc1cnc(-c2ccc(C=O)cc2)nc1
835,Cn1c(=O)on(-c2c(Cl)cccc2Cl)c1=O
836,CC(CC=C1c2ccccc2COc2ccccc21)CCCC(C)(C)Oc1c(O)c2ccccc2oc1=O
837,CC(C)(C)C(=O)c1cc(I)c(O)c(I)c1
838,Cc1cnc(-c2cccc(Cl)n2)nc1
839,C=C(C)C1Cc2c(ccc3c2OC2COc4cc(-c5c([N+](=O)[O-])cc(-c6c(Cl)ccc(Cl)c6C6(C7=CCCCC7)C(=O)NC(=O)NC6=O)cc5[N+](=O)[O-])c(CCN)cc4C2C3=O)O1
840,Cc1cnc(-c2onc(C)c2C)nc1
841,Cc1ccc(C2CCC3C4CCC5=CC(=O)CCC5(C)C4CCC23C)c(O)c1
842,Cc1cc(OC(C)(C)CCCC(C)CC=C2c3ccccc3COc3ccccc32)nc(C)n1
843,C=C(C)C1Cc2c(ccc3c2OC2COc4cc(-c5c([N+](=O)[O-])cc(-c6c(Cl)ccc(Cl)c6N(C)C)cc5[N+](=O)[O-])c(CCN)cc4C2C3=O)O1
844,CN1c2ccccc2C23CC4C(C5CC(C12)N4C(O)C5c1c(Cl)cccc1Cl)C3O
845,Cc1ccc(C2C3CC4C5N(C)c6ccccc6C56CC(C3C6O)N4C2O)c(O)c1
846,CC1(C)OC2CC3C4CCC5=CC(=O)C=CC5(C)C4(F)C(O)CC3(C)C2(c2cccs2)O1
847,C=C(C)C1Cc2c(ccc3c2OC2COc4cc(-c5c([N+](=O)[O-])cc(-c6c(Cl)ccc(Cl)c6N6C(=O)c7cc(S(N)(=O)=O)c(Cl)cc7NC6C)cc5[N+](=O)[O-])c(CCN)cc4C2C3=O)O1
848,CC1OC(C23OC(C)(C)OC2CC2C4CCC5=CC(=O)C=CC5(C)C4(F)C(O)CC23C)C(O)C(N)C1O
849,CC12CCC(O)CC1CC(O)C1C2CCC2(C)C(c3c(Cl)cccc3Cl)CCC12
850,CC1(C)OC2CC3C4CCC5=CC(=O)C=CC5(C)C4(F)C(O)CC3(C)C2(c2ncccn2)O1
851,CN1CCC(c2ccc3cc(C4(C5=CC6CCC(C5)C6)C(=O)NC(=O)NC4=O)ccc3c2)(C23OC(C)(C)OC2CC2C4CCC5=CC(=O)C=CC5(C)C4(F)C(O)CC23C)CC1
852,CC(C)(C)C(=O)c1cc(Cl)c(Cl)cc1Cl
853,Cc1cnc(C2CCCCN2C)nc1
854,Cn1c(=O)c2c(ncn2-c2c(Cl)cccc2Cl)n(C)c1=O
855,CN1CCC(c2ccsc2)(c2ccc3cc(C4(C5=CC6CCC(C5)C6)C(=O)NC(=O)NC4=O)ccc3c2)CC1
856,CCC=C1c2ccccc2COc2ccccc21
857,Cc1nc(OC(C)(C)CCCC(C)CC=C2c3ccccc3COc3ccccc32)oc1C
858,Cc1cc(C)nc(OC(C)(C)CCCC(C)CC=C2c3ccccc3COc3ccccc32)n1
859,C=C(C)C1Cc2c(ccc3c2OC2COc4cc(-c5c([N+](=O)[O-])cc(-c6c(Cl)ccc(Cl)c6C6CC(=O)c7c(O)cc(O)cc7O6)cc5[N+](=O)[O-])c(CCN)cc4C2C3=O)O1
860,Cc1ccc(O)cc1C(=O)C(C)(C)C
861,CCC(=O)C1CC2=CC(=O)CCC2(C)C2CCC3(C)C(CCC34CCC(=O)O4)C12
862,CC12CCC(=O)C=C1CC(OS(C)(=O)=O)C1C2CCC2(C)C1CCC21CCC(=O)O1
863,CC12CCC(=O)C=C1CC(NC(N)=S)C1C2CCC2(C)C1CCC21CCC(=O)O1
864,Cc1ccc(CC(O)CO)c(O)c1
865,Cc1ccc(C(O)CO)c(O)c1
866,Cc1ccc(C2(C3=CC4CCC(C3)C4)C(=O)NC(=O)NC2=O)c(O)c1
867,CC1(C)OC2CC3C4CCC5=CC(=O)C=CC5(C)C4(F)C(O)CC3(C)C2(N2c3ccccc3CCc3ccccc32)O1
868,CC12CCC3C(CC=C4CC(c5c(Cl)cccc5Cl)CCC43C)C1CCC2=O
869,CC(C)(C)C(=O)C1NC(=O)NC1=O
870,Cc1ccc(C2CCCC2)c(O)c1
871,CC(CC=C1c2ccccc2COc2ccccc21)CCCC(C)(C)N1c2ccccc2Sc2ccc(Cl)cc21
872,CC(CC=C1c2ccccc2COc2ccccc21)CCCC(C)(C)Oc1ccc(S(N)(=O)=O)cc1
873,CC(C)(C)C(=O)c1c(Cl)cc(Cl)cc1Cl
874,C=CC1CN2CCC1CC2c1ncc(C)cn1
875,CC1(O)c2cccc(O)c2C(=O)C2=C(O)C3(O)C(=O)C(C(N)=O)=C(O)C(c4c(Cl)cccc4Cl)C3C(O)C21
876,CC12CCC(=O)C=C1CC(c1ccc3cc4ccccc4cc3c1)C1C2CCC2(C)C1CCC21CCC(=O)O1
877,C=C(C)C1Cc2c(ccc3c2OC2COc4cc(-c5c([N+](=O)[O-])cc(-c6c(Cl)ccc(Cl)c6SC(C)=O)cc5[N+](=O)[O-])c(CCN)cc4C2C3=O)O1
878,Cc1cc2nc3c(=O)[nH]c(=O)nc-3n(C3CC4=CC(=O)CCC4(C)C4CCC5(C)C(CCC56CCC(=O)O6)C34)c2cc1C
879,CN1CCCCC1CC(N)C(=O)O
880,CC(CC=C1c2ccccc2COc2ccccc21)CCCC(C)(C)Oc1ccnc2ccccc12
881,CC(CC=C1c2ccccc2COc2ccccc21)CCCC(C)(C)Oc1cc(I)c(O)c(I)c1
882,C=C(C)C1Cc2c(ccc3c2OC2COc4cc(-c5c([N+](=O)[O-])cc(-c6c(Cl)ccc(Cl)c6C6OC(O)C(O)C(O)C6O)cc5[N+](=O)[O-])c(CCN)cc4C2C3=O)O1
883,CC1CCC(c2c(Cl)cccc2Cl)C(O)C1
884,CC1(C)OC2CC3C4CCC5=CC(=O)C=CC5(C)C4(F)C(O)CC3(C)C2(c2c[nH]cn2)O1
885,CN1CCC(c2cc(I)c(O)c(I)c2)(c2ccc3cc(C4(C5=CC6CCC(C5)C6)C(=O)NC(=O)NC4=O)ccc3c2)CC1
886,C=CCc1ccc(C)cc1O
887,Cc1cc(C23OC(C)(C)OC2CC2C4CCC5=CC(=O)C=CC5(C)C4(F)C(O)CC23C)nc(C)n1
888,CC1(C)OC2CC3C4CCC5=CC(=O)C=CC5(C)C4(F)C(O)CC3(C)C2(n2ccnc2[N+](=O)[O-])O1
889,CC12CCC(=O)C=C1CC(OC=O)C1C2CCC2(C)C1CCC21CCC(=O)O1
890,C=C(C)C1Cc2c(ccc3c2OC2COc4cc(-c5c([N+](=O)[O-])cc(-c6c(Cl)ccc(Cl)c6-c6nc7ccccc7c(=O)o6)cc5[N+](=O)[O-])c(CCN)cc4C2C3=O)O1
891,CN1CCC(c2cccc(I)c2)(c2ccc3cc(C4(C5=CC6CCC(C5)C6)C(=O)NC(=O)NC4=O)ccc3c2)CC1
892,Cc1ccc(C2(C)CCCC3(C)C4CCC(C(C)C)=CC4=CCC23)c(O)c1
893,CN1CCC(c2ccc3cc(C4(C5=CC6CCC(C5)C6)C(=O)NC(=O)NC4=O)ccc3c2)(c2c(O)c3ccccc3oc2=O)CC1
894,CCC(N)Cc1ccc(C)cc1O
895,Cc1cnc(-c2ccc3ccccc3n2)nc1
896,Cc1cnc(-n2cnc3c2c(=O)n(C)c(=O)n3C)nc1
897,C=C(C)C1Cc2c(ccc3c2OC2COc4cc(-c5c([N+](=O)[O-])cc(-c6c(Cl)ccc(Cl)c6N6C(=O)c7ccccc7C6=O)cc5[N+](=O)[O-])c(CCN)cc4C2C3=O)O1
898,C=C(C)C1Cc2c(ccc3c2OC2COc4cc(-c5c([N+](=O)[O-])cc(-c6c(Cl)ccc(Cl)c6NC(N)=S)cc5[N+](=O)[O-])c(CCN)cc4C2C3=O)O1
899,CC(CC=C1c2ccccc2COc2ccccc21)CCCC(C)(C)NC1=C(Cl)C(=O)c2ccccc2C1=O
900,Cc1ccc(C2C(O)=C(C(N)=O)C(=O)C3(O)C(O)=C4C(=O)c5c(O)ccc(Cl)c5C(C)(O)C4CC23)c(O)c1
901,CC(C)(C)C(=O)c1ccnc2ccccc12
902,CC1CC2C(C(O)CC3(C)C2CCC3(O)c2c(Cl)cccc2Cl)C2(C)C=CC(=O)C=C12
903,CC(C)(C)C(=O)c1ccc2nc(S(N)(=O)=O)sc2c1
904,Cc1cc(-c2c(Cl)cccc2Cl)nc(C)n1
905,Clc1cccc(Cl)c1-c1cccs1
906,CN1CCCCC1c1ccc(O)c(O)c1
907,CN1CCC(c2ccc(Cl)cc2)(c2ccc3cc(C4(C5=CC6CCC(C5)C6)C(=O)NC(=O)NC4=O)ccc3c2)CC1
908,CC(C)(C)C(=O)C1(O)OCC(O)C(O)C1O
909,CC(CC=C1c2ccccc2COc2ccccc21)CCCC(C)(C)Oc1nccs1
910,CC(C)(C)C(=O)c1cc([N+](=O)[O-])cc([N+](=O)[O-])c1O
911,C=CC1CN2CCC1CC2c1c(Cl)ccc(Cl)c1-c1cc([N+](=O)[O-])c(-c2cc3c(cc2CCN)C2C(=O)c4ccc5c(c4OC2CO3)CC(C(=C)C)O5)c([N+](=O)[O-])c1
912,CC12CCC(=O)C=C1CC(N1C(=O)c3ccccc3NS1(=O)=O)C1C2CCC2(C)C1CCC21CCC(=O)O1
913,CC12CCC(=O)C=C1CC(c1cccc([N+](=O)[O-])c1)C1C2CCC2(C)C1CCC21CCC(=O)O1
914,CC12CCC(=O)C=C1CC(C1(O)OCC(O)C(O)C1O)C1C2CCC2(C)C1CCC21CCC(=O)O1
915,C=C(C)C1Cc2c(ccc3c2OC2COc4cc(-c5c([N+](=O)[O-])cc(-c6c(Cl)ccc(Cl)c6C6C(C=C(Cl)Cl)C6(C)C)cc5[N+](=O)[O-])c(CCN)cc4C2C3=O)O1
916,O=C1NC(=O)C(C2=CCCCC2)(c2c(Cl)cccc2Cl)C(=O)N1
917,CN1CCC(c2cccc(Cl)c2)(c2ccc3cc(C4(C5=CC6CCC(C5)C6)C(=O)NC(=O)NC4=O)ccc3c2)CC1
918,Cc1[nH]c(=O)n(-c2c(Cl)cccc2Cl)c(=O)c1Cl
919,Cc1cnc(OS(C)(=O)=O)nc1
920,C=C(C)C1Cc2c(ccc3c2OC2COc4cc(-c5c([N+](=O)[O-])cc(-c6c(Cl)ccc(Cl)c6N6c7ccccc7Sc7ccccc76)cc5[N+](=O)[O-])c(CCN)cc4C2C3=O)O1
921,CC12CCC(=O)C=C1CC(n1c(=O)sc3cccc(Cl)c31)C1C2CCC2(C)C1CCC21CCC(=O)O1
922,CN1CCC23CC(=O)C=CC12CCc1ccc(C(=O)C(C)(C)C)c(O)c13
923,CC12CCC(=O)C=C1CC(C(N)=O)C1C2CCC2(C)C1CCC21CCC(=O)O1
924,CC12CCC(=O)C=C1CC(N1c3ccccc3Sc3ccccc31)C1C2CCC2(C)C1CCC21CCC(=O)O1
925,Cc1c(Cl)c(=O)oc2cc(C(=O)C(C)(C)C)ccc12
926,C=C(C)C1Cc2c(ccc3c2OC2COc4cc(-c5c([N+](=O)[O-])cc(-c6c(Cl)ccc(Cl)c6N6CCNCC6)cc5[N+](=O)[O-])c(CCN)cc4C2C3=O)O1
927,O=C1c2ccccc2C(=O)N1c1c(Cl)cccc1Cl
928,CC12CCC(=O)C=C1CC(c1ccncc1)C1C2CCC2(C)C1CCC21CCC(=O)O1
929,Cc1cnc(-c2cc(=O)[nH]c(=O)[nH]2)nc1
930,C=C(C)C1Cc2c(ccc3c2OC2COc4cc(-c5c([N+](=O)[O-])cc(-c6c(Cl)ccc(Cl)c6-c6nnc(C)s6)cc5[N+](=O)[O-])c(CCN)cc4C2C3=O)O1
931,CC(C)(C)C(=O)C1NC(=O)c2cc(S(N)(=O)=O)c(Cl)cc2N1
932,Cn1c(=O)on(C2CC3=CC(=O)CCC3(C)C3CCC4(C)C(CCC45CCC(=O)O5)C23)c1=O
933,O=C1NCCN1c1c(Cl)cccc1Cl
934,CN1CCCCC1c1c(Cl)cc(Cl)c(Cl)c1Cl
935,Cc1cnc(-c2ncc3nccnc3n2)nc1
936,C=C(C)C1Cc2c(ccc3c2OC2COc4cc(-c5c([N+](=O)[O-])cc(-c6c(Cl)ccc(Cl)c6C(=O)O)cc5[N+](=O)[O-])c(CCN)cc4C2C3=O)O1
937,O=C1C=CC(O)(c2c(Cl)cccc2Cl)C=C1
938,CC1=CC2C(CCC3(C)C2CCC3(C)c2c(Cl)cccc2Cl)C2(C)CCC(=O)C=C12
939,CN1CCCCC1C(CO)C(=O)O
940,CN1CCCC1C1CC2=CC(=O)CCC2(C)C2CCC3(C)C(CCC34CCC(=O)O4)C12
941,CC1(C)OC2CC3C4CCC5=CC(=O)C=CC5(C)C4(F)C(O)CC3(C)C2(C2Nc3cc(Cl)c(S(N)(=O)=O)cc3S(=O)(=O)N2)O1
942,CC1(C)OC2CC3C4CCC5=CC(=O)C=CC5(C)C4(F)C(O)CC3(C)C2(c2oc3cc(O)cc(O)c3c(=O)c2O)O1
943,Cc1cc2nc3c(=O)[nH]c(=O)nc-3n(C34OC(C)(C)OC3CC3C5CCC6=CC(=O)C=CC6(C)C5(F)C(O)CC34C)c2cc1C
944,CC1(C)OC2CC3C4CCC5=CC(=O)C=CC5(C)C4(F)C(O)CC3(C)C2(n2ncc(N)c(Cl)c2=O)O1
945,CNC(=NC#N)Nc1c(Cl)cccc1Cl
946,Cc1cc(C2(c3ccc4cc(C5(C6=CC7CCC(C6)C7)C(=O)NC(=O)NC5=O)ccc4c3)CCN(C)CC2)ccc1[N+](=O)[O-]
947,CC1(C)OC2CC3C4CCC5=CC(=O)C=CC5(C)C4(F)C(O)CC3(C)C2(c2ncnc3nccnc23)O1
948,C=C(C)C1Cc2c(ccc3c2OC2COc4cc(-c5c([N+](=O)[O-])cc(-c6c(Cl)ccc(Cl)c6N6c7ccccc7CCc7ccccc76)cc5[N+](=O)[O-])c(CCN)cc4C2C3=O)O1
949,CN1CCC(c2ccc3cc(C4(C5=CC6CCC(C5)C6)C(=O)NC(=O)NC4=O)ccc3c2)(c2ccc([N+](=O)[O-])cc2Cl)CC1
950,CC12CCC(=O)C=C1CC(NC(=N)N)C1C2CCC2(C)C1CCC21CCC(=O)O1
951,CN1CCCCC1C(Cl)Cl
952,CC1(C)OC2CC3C4CCC5=CC(=O)C=CC5(C)C4(F)C(O)CC3(C)C2(CCCO)O1
953,CC12CCC(=O)C=C1CC(c1cc(Cl)ccc1Cl)C1C2CCC2(C)C1CCC21CCC(=O)O1
954,CC(CC=C1c2ccccc2COc2ccccc21)CCCC(C)(C)O[N+](=O)[O-]
955,CC1(C)OC2CC3C4CCC5=CC(=O)C=CC5(C)C4(F)C(O)CC3(C)C2(C23OC(C)(C)OC2CC2C4CCC5=CC(=O)C=CC5(C)C4(F)C(O)CC23C)O1
956,CSC12OC(C)(C)OC1CC1C3CCC4=CC(=O)C=CC4(C)C3(F)C(O)CC12C
957,C=C(C)C1Cc2c(ccc3c2OC2COc4cc(-c5c([N+](=O)[O-])cc(-c6c(Cl)ccc(Cl)c6NC)cc5[N+](=O)[O-])c(CCN)cc4C2C3=O)O1
958,CN1CCCC1C(=O)C(C)(C)C
959,CCCCC12OC(C)(C)OC1CC1C3CCC4=CC(=O)C=CC4(C)C3(F)C(O)CC12C
960,Cc1ccc2nc(-c3c(Cl)cccc3Cl)sc2c1
961,Clc1cccc(Cl)c1-c1ccccn1
962,Cc1ccc(-n2ncc(N)c(Cl)c2=O)c(O)c1
963,CC(C)(C)C(=O)c1ccc(S(N)(=O)=O)cc1
964,O=C1C(Cl)=C(Nc2c(Cl)cccc2Cl)C(=O)c2ccccc21
965,Cc1cnc(N(C)C)nc1
966,CC1(C)OC2CC3C4CCC5=CC(=O)C=CC5(C)C4(F)C(O)CC3(C)C2(CN)O1
967,C=C(C)C1Cc2c(ccc3c2OC2COc4cc(-c5c([N+](=O)[O-])cc(-c6c(Cl)ccc(Cl)c6-c6cnc7cncnc7n6)cc5[N+](=O)[O-])c(CCN)cc4C2C3=O)O1
968,CN1CCCCC1c1cncnc1
969,CC(C)(C)C(=O)c1ccccc1F
970,CCCc1ccc(C)cc1O
971,Cc1ccc(-n2cnc3c(O)ncnc32)c(O)c1
972,CC(CC=C1c2ccccc2COc2ccccc21)CCCC(C)(C)NCN1CCCC1
973,CC1(C)OC2CC3C4CCC5=CC(=O)C=CC5(C)C4(F)C(O)CC3(C)C2(N2C(=O)c3ccccc3NS2(=O)=O)O1
974,CC1(C)OC2CC3C4CCC5=CC(=O)C=CC5(C)C4(F)C(O)CC3(C)C2(C2NC(=O)c3cc(S(N)(=O)=O)c(Cl)cc3N2)O1
975,C#CC1(c2c(Cl)cccc2Cl)CCC2C3CCC4=CC(=O)CCC4C3CCC21C
976,Cc1cnc(C2NC(=O)NC2=O)nc1
977,CC(CC=C1c2ccccc2COc2ccccc21)CCCC(C)(C)Oc1cc(Cl)c(Cl)c(Cl)c1Cl
978,C=C(C)C1Cc2c(ccc3c2OC2COc4cc(-c5c([N+](=O)[O-])cc(-c6c(Cl)ccc(Cl)c6C(=O)CC)cc5[N+](=O)[O-])c(CCN)cc4C2C3=O)O1
979,O=C(O)C=C1c2ccccc2COc2ccccc21
980,CC(CC=C1c2ccccc2COc2ccccc21)CCCC(C)(C)Oc1ccccc1
981,C=C(C)C1Cc2c(ccc3c2OC2COc4cc(-c5c([N+](=O)[O-])cc(-c6c(Cl)ccc(Cl)c6-c6ncc7nccnc7n6)cc5[N+](=O)[O-])c(CCN)cc4C2C3=O)O1
982,CNC(=NC#N)Nc1ncc(C)cn1
983,CCC(C)(C)c1ccc(C)cc1O
984,C=C(C)C1Cc2c(ccc3c2OC2COc4cc(-c5c([N+](=O)[O-])cc(-c6c(Cl)ccc(Cl)c6-c6nc7ccc(C)cc7s6)cc5[N+](=O)[O-])c(CCN)cc4C2C3=O)O1
985,c1ccc2c(c1)COc1ccccc1C2=C1c2ccccc2COc2ccccc21
986,CN1CCC(c2ccc3cc(C4(C5=CC6CCC(C5)C6)C(=O)NC(=O)NC4=O)ccc3c2)(c2cc(Cl)c(Br)cc2Cl)CC1
987,CC1(C)OC2CC3C4CCC5=CC(=O)C=CC5(C)C4(F)C(O)CC3(C)C2(c2ccco2)O1
988,C=C(C)C1Cc2c(ccc3c2OC2COc4cc(-c5c([N+](=O)[O-])cc(-c6c(Cl)ccc(Cl)c6-c6cc(=O)[nH]c(=S)[nH]6)cc5[N+](=O)[O-])c(CCN)cc4C2C3=O)O1
989,CC1(C)OC2CC3C4CCC5=CC(=O)C=CC5(C)C4(F)C(O)CC3(C)C2(c2cnccn2)O1
990,CC12CCC(=O)C=C1CC(N1CCC(O)CC1)C1C2CCC2(C)C1CCC21CCC(=O)O1
991,Cc1cnc(C2OC(C)C(O)C(N)C2O)nc1
992,COC1CC2=CC(=O)CCC2(C)C2CCC3(C)C(CCC34CCC(=O)O4)C12
993,Cc1cnc(N2CCN(C)CC2)nc1
994,Cc1cc(S(=O)(=O)c2ccccc2)ccc1C(=O)C(C)(C)C
995,CC(C)(C)C(=O)c1ccncc1
996,CC(CC=C1c2ccccc2COc2ccccc21)CCCC(C)(C)Oc1ccc(S(C)=O)cc1
997,CC(C)C1=CC2=CCC3C(C)(c4c(Cl)cccc4Cl)CCCC3(C)C2CC1
